timestamp_utc,platform,rate,apr_pct,interval_hours
2026-06-17 08:00:00+08:00,orderly,0.00010045,10.999275,8
2026-06-17 16:00:00+08:00,orderly,0.00010091,11.049645,8
2026-06-18 00:00:00+08:00,orderly,0.00010158,11.12301,8
2026-06-18 08:00:00+08:00,orderly,9.718e-05,10.64121,8
2026-06-18 16:00:00+08:00,orderly,9.725e-05,10.648875,8
2026-06-19 00:00:00+08:00,orderly,0.00010115,11.075925,8
2026-06-19 08:00:00+08:00,orderly,9.944e-05,10.888679999999999,8
2026-06-19 16:00:00+08:00,orderly,0.00010032,10.98504,8
2026-06-20 00:00:00+08:00,orderly,9.964e-05,10.91058,8
2026-06-20 08:00:00+08:00,orderly,9.943e-05,10.887585,8
2026-06-20 16:00:00+08:00,orderly,9.859e-05,10.795605,8
2026-06-21 00:00:00+08:00,orderly,9.772e-05,10.70034,8
2026-06-21 08:00:00+08:00,orderly,9.771e-05,10.699245,8
2026-06-21 16:00:00+08:00,orderly,9.819e-05,10.751805,8
2026-06-22 00:00:00+08:00,orderly,9.828e-05,10.761660000000001,8
2026-06-22 08:00:00+08:00,orderly,9.964e-05,10.91058,8
2026-06-22 16:00:00+08:00,orderly,9.739e-05,10.664205,8
2026-06-23 00:00:00+08:00,orderly,9.746e-05,10.67187,8
2026-06-23 08:00:00+08:00,orderly,9.84e-05,10.7748,8
2026-06-23 16:00:00+08:00,orderly,0.00010112,11.072639999999998,8
2026-06-24 00:00:00+08:00,orderly,7.842e-05,8.58699,8
2026-06-24 08:00:00+08:00,orderly,0.00010209,11.178854999999999,8
2026-06-24 16:00:00+08:00,orderly,0.00010174,11.14053,8
2026-06-25 00:00:00+08:00,orderly,9.899e-05,10.839405000000001,8
2026-06-25 08:00:00+08:00,orderly,9.878e-05,10.81641,8
2026-06-25 16:00:00+08:00,orderly,0.00010271,11.246744999999999,8
2026-06-26 00:00:00+08:00,orderly,0.00010199,11.167905000000001,8
2026-06-26 08:00:00+08:00,orderly,0.00010216,11.18652,8
2026-06-26 16:00:00+08:00,orderly,0.00010132,11.09454,8
2026-06-27 00:00:00+08:00,orderly,0.00010135,11.097825,8
2026-06-27 08:00:00+08:00,orderly,0.00010145,11.108775,8
2026-06-27 16:00:00+08:00,orderly,0.00010102,11.06169,8
2026-06-28 00:00:00+08:00,orderly,9.977e-05,10.924815,8
2026-06-28 08:00:00+08:00,orderly,0.00010175,11.141625000000001,8
2026-06-28 16:00:00+08:00,orderly,0.00010164,11.12958,8
2026-06-29 00:00:00+08:00,orderly,0.0001013,11.09235,8
2026-06-29 08:00:00+08:00,orderly,0.00010189,11.156955,8
2026-06-29 16:00:00+08:00,orderly,0.00010136,11.098920000000001,8
2026-06-30 00:00:00+08:00,orderly,0.00010141,11.104395,8
2026-06-30 08:00:00+08:00,orderly,9.928e-05,10.87116,8
2026-06-30 16:00:00+08:00,orderly,0.00010058,11.01351,8
2026-07-01 00:00:00+08:00,orderly,0.00010235,11.207324999999999,8
2025-06-17 08:00:00.100000+08:00,hyperliquid,1.25e-05,10.95,1
2025-06-17 09:00:00.007000+08:00,hyperliquid,1.25e-05,10.95,1
2025-06-17 10:00:00.020000+08:00,hyperliquid,1.25e-05,10.95,1
2025-06-17 11:00:00.002000+08:00,hyperliquid,1.25e-05,10.95,1
2025-06-17 12:00:00.065000+08:00,hyperliquid,1.25e-05,10.95,1
2025-06-17 13:00:00.036000+08:00,hyperliquid,1.25e-05,10.95,1
2025-06-17 14:00:00.030000+08:00,hyperliquid,1.25e-05,10.95,1
2025-06-17 15:00:00.019000+08:00,hyperliquid,9.4486e-06,8.2769736,1
2025-06-17 16:00:00.086000+08:00,hyperliquid,1.25e-05,10.95,1
2025-06-17 17:00:00.014000+08:00,hyperliquid,1.25e-05,10.95,1
2025-06-17 18:00:00.035000+08:00,hyperliquid,5.1959e-06,4.5516084,1
2025-06-17 19:00:00.010000+08:00,hyperliquid,-4.0514e-06,-3.5490264000000002,1
2025-06-17 20:00:00.148000+08:00,hyperliquid,-7.98e-08,-0.0699048,1
2025-06-17 21:00:00.023000+08:00,hyperliquid,7.5504e-06,6.614150400000001,1
2025-06-17 22:00:00+08:00,hyperliquid,1.25e-05,10.95,1
2025-06-17 23:00:00.033000+08:00,hyperliquid,2.1728e-06,1.9033728000000003,1
2025-06-18 00:00:00.030000+08:00,hyperliquid,-2.1955e-06,-1.923258,1
2025-06-18 01:00:00.001000+08:00,hyperliquid,1.25e-05,10.95,1
2025-06-18 02:00:00.016000+08:00,hyperliquid,6.3766e-06,5.5859016,1
2025-06-18 03:00:00.020000+08:00,hyperliquid,1.08078e-05,9.4676328,1
2025-06-18 04:00:00.072000+08:00,hyperliquid,-5.4709e-06,-4.7925084,1
2025-06-18 05:00:00.134000+08:00,hyperliquid,-4.4012e-06,-3.8554512000000005,1
2025-06-18 06:00:00.007000+08:00,hyperliquid,-7.957e-07,-0.6970331999999999,1
2025-06-18 07:00:00.041000+08:00,hyperliquid,-6.271e-06,-5.493396,1
2025-06-18 08:00:00.088000+08:00,hyperliquid,-3.874e-07,-0.3393624,1
2025-06-18 09:00:00.078000+08:00,hyperliquid,3.8384e-06,3.3624384,1
2025-06-18 10:00:00.090000+08:00,hyperliquid,-1.7764e-06,-1.5561264,1
2025-06-18 11:00:00.030000+08:00,hyperliquid,-2.7768e-06,-2.4324768,1
2025-06-18 12:00:00.080000+08:00,hyperliquid,2.4519e-06,2.1478644,1
2025-06-18 13:00:00.071000+08:00,hyperliquid,9.7212e-06,8.5157712,1
2025-06-18 14:00:00.051000+08:00,hyperliquid,1.25e-05,10.95,1
2025-06-18 15:00:00.036000+08:00,hyperliquid,8.9859e-06,7.871648400000001,1
2025-06-18 16:00:00.028000+08:00,hyperliquid,1.25e-05,10.95,1
2025-06-18 17:00:00.015000+08:00,hyperliquid,1.25e-05,10.95,1
2025-06-18 18:00:00.036000+08:00,hyperliquid,1.25e-05,10.95,1
2025-06-18 19:00:00.033000+08:00,hyperliquid,6.1829e-06,5.4162204,1
2025-06-18 20:00:00.012000+08:00,hyperliquid,5.9243e-06,5.1896868,1
2025-06-18 21:00:00.176000+08:00,hyperliquid,3.7322e-06,3.2694072,1
2025-06-18 22:00:00.051000+08:00,hyperliquid,1.7942e-06,1.5717191999999998,1
2025-06-18 23:00:00.022000+08:00,hyperliquid,7.8016e-06,6.8342016,1
2025-06-19 00:00:00.066000+08:00,hyperliquid,1.04719e-05,9.173384400000002,1
2025-06-19 01:00:00.052000+08:00,hyperliquid,4.9298e-06,4.3185047999999995,1
2025-06-19 02:00:00.067000+08:00,hyperliquid,1.25e-05,10.95,1
2025-06-19 03:00:00.046000+08:00,hyperliquid,1.25e-05,10.95,1
2025-06-19 04:00:00.040000+08:00,hyperliquid,1.25e-05,10.95,1
2025-06-19 05:00:00.006000+08:00,hyperliquid,1.00172e-05,8.7750672,1
2025-06-19 06:00:00.041000+08:00,hyperliquid,4.0383e-06,3.5375508,1
2025-06-19 07:00:00.066000+08:00,hyperliquid,6.1569e-06,5.393444400000001,1
2025-06-19 08:00:00.047000+08:00,hyperliquid,1.19688e-05,10.4846688,1
2025-06-19 09:00:00.052000+08:00,hyperliquid,1.25e-05,10.95,1
2025-06-19 10:00:00.022000+08:00,hyperliquid,1.25e-05,10.95,1
2025-06-19 11:00:00.039000+08:00,hyperliquid,1.25e-05,10.95,1
2025-06-19 12:00:00.079000+08:00,hyperliquid,1.25e-05,10.95,1
2025-06-19 13:00:00.009000+08:00,hyperliquid,1.25e-05,10.95,1
2025-06-19 14:00:00.005000+08:00,hyperliquid,1.25e-05,10.95,1
2025-06-19 15:00:00.071000+08:00,hyperliquid,1.25e-05,10.95,1
2025-06-19 16:00:00.036000+08:00,hyperliquid,1.25e-05,10.95,1
2025-06-19 17:00:00.002000+08:00,hyperliquid,1.25e-05,10.95,1
2025-06-19 18:00:00.081000+08:00,hyperliquid,1.25e-05,10.95,1
2025-06-19 19:00:00.024000+08:00,hyperliquid,1.25e-05,10.95,1
2025-06-19 20:00:00.042000+08:00,hyperliquid,1.25e-05,10.95,1
2025-06-19 21:00:00.015000+08:00,hyperliquid,1.25e-05,10.95,1
2025-06-19 22:00:00.064000+08:00,hyperliquid,1.25e-05,10.95,1
2025-06-19 23:00:00.017000+08:00,hyperliquid,8.478e-06,7.426728000000001,1
2025-06-20 00:00:00.041000+08:00,hyperliquid,-1.6703e-05,-14.631827999999999,1
2025-06-20 01:00:00.007000+08:00,hyperliquid,-7.8779e-06,-6.901040399999999,1
2025-06-20 02:00:00.012000+08:00,hyperliquid,-1.00445e-05,-8.798981999999999,1
2025-06-20 03:00:00.010000+08:00,hyperliquid,-6.6008e-06,-5.7823008,1
2025-06-20 04:00:00.009000+08:00,hyperliquid,-8.5449e-06,-7.4853324,1
2025-06-20 05:00:00.013000+08:00,hyperliquid,-6.5794e-06,-5.7635544,1
2025-06-20 06:00:00.020000+08:00,hyperliquid,-5.1793e-06,-4.5370668,1
2025-06-20 07:00:00.094000+08:00,hyperliquid,-5.9651e-06,-5.2254276,1
2025-06-20 08:00:00.010000+08:00,hyperliquid,3.0441e-06,2.6666316,1
2025-06-20 09:00:00.041000+08:00,hyperliquid,1.668e-06,1.461168,1
2025-06-20 10:00:00.037000+08:00,hyperliquid,-2.7161e-06,-2.3793036,1
2025-06-20 11:00:00.001000+08:00,hyperliquid,6.6367e-06,5.8137492,1
2025-06-20 12:00:00.051000+08:00,hyperliquid,8.6691e-06,7.5941316,1
2025-06-20 13:00:00.001000+08:00,hyperliquid,-3.697e-07,-0.3238572,1
2025-06-20 14:00:00.010000+08:00,hyperliquid,1.8313e-06,1.6042188,1
2025-06-20 15:00:00.184000+08:00,hyperliquid,6.2809e-06,5.5020684,1
2025-06-20 16:00:00.051000+08:00,hyperliquid,6.5209e-06,5.7123083999999995,1
2025-06-20 17:00:00.015000+08:00,hyperliquid,-5.8727e-06,-5.1444852,1
2025-06-20 18:00:00.061000+08:00,hyperliquid,-6.5441e-06,-5.7326315999999995,1
2025-06-20 19:00:00.044000+08:00,hyperliquid,3.42e-06,2.99592,1
2025-06-20 20:00:00.061000+08:00,hyperliquid,-1.3157e-06,-1.1525532,1
2025-06-20 21:00:00.035000+08:00,hyperliquid,-1.5947e-06,-1.3969572,1
2025-06-20 22:00:00.039000+08:00,hyperliquid,5.7201e-06,5.0108076,1
2025-06-20 23:00:00.025000+08:00,hyperliquid,-3.3086e-06,-2.8983336,1
2025-06-21 00:00:00.037000+08:00,hyperliquid,-1.97771e-05,-17.3247396,1
2025-06-21 01:00:00.001000+08:00,hyperliquid,-1.85358e-05,-16.2373608,1
2025-06-21 02:00:00.003000+08:00,hyperliquid,-3.97248e-05,-34.7989248,1
2025-06-21 03:00:00.018000+08:00,hyperliquid,-2.91933e-05,-25.5733308,1
2025-06-21 04:00:00.100000+08:00,hyperliquid,-2.58509e-05,-22.645388399999998,1
2025-06-21 05:00:00.016000+08:00,hyperliquid,-2.233e-06,-1.9561080000000002,1
2025-06-21 06:00:00.031000+08:00,hyperliquid,-8.9954e-06,-7.8799703999999995,1
2025-06-21 07:00:00.059000+08:00,hyperliquid,-1.42526e-05,-12.4852776,1
2025-06-21 08:00:00.049000+08:00,hyperliquid,-1.56038e-05,-13.668928800000002,1
2025-06-21 09:00:00.056000+08:00,hyperliquid,-1.634e-05,-14.313839999999999,1
2025-06-21 10:00:00.037000+08:00,hyperliquid,-6.8952e-06,-6.040195199999999,1
2025-06-21 11:00:00.106000+08:00,hyperliquid,-1.18633e-05,-10.3922508,1
2025-06-21 12:00:00.070000+08:00,hyperliquid,7.1872e-06,6.2959872,1
2025-06-21 13:00:00.024000+08:00,hyperliquid,-4.1613e-06,-3.6452988000000004,1
2025-06-21 14:00:00.014000+08:00,hyperliquid,2.3712e-06,2.0771711999999996,1
2025-06-21 15:00:00.018000+08:00,hyperliquid,1.7351e-06,1.5199476,1
2025-06-21 16:00:00.012000+08:00,hyperliquid,-7.7257e-06,-6.7677132,1
2025-06-21 17:00:00.057000+08:00,hyperliquid,-2.3037e-06,-2.0180412000000003,1
2025-06-21 18:00:00.011000+08:00,hyperliquid,-1.94278e-05,-17.0187528,1
2025-06-21 19:00:00.021000+08:00,hyperliquid,-5.7159e-06,-5.0071284,1
2025-06-21 20:00:00.046000+08:00,hyperliquid,-1.235e-06,-1.08186,1
2025-06-21 21:00:00.024000+08:00,hyperliquid,-9.7737e-06,-8.5617612,1
2025-06-21 22:00:00.060000+08:00,hyperliquid,-1.07051e-05,-9.3776676,1
2025-06-21 23:00:00.030000+08:00,hyperliquid,-1.06205e-05,-9.303557999999999,1
2025-06-22 00:00:00.081000+08:00,hyperliquid,-5.3702e-06,-4.7042952,1
2025-06-22 01:00:00.045000+08:00,hyperliquid,-6.6306e-06,-5.8084055999999995,1
2025-06-22 02:00:00.041000+08:00,hyperliquid,-1.12614e-05,-9.864986400000001,1
2025-06-22 03:00:00.077000+08:00,hyperliquid,-1.25752e-05,-11.0158752,1
2025-06-22 04:00:00.044000+08:00,hyperliquid,5.5861e-06,4.8934236,1
2025-06-22 05:00:00.061000+08:00,hyperliquid,9.8973e-06,8.6700348,1
2025-06-22 06:00:00.046000+08:00,hyperliquid,-3.26341e-05,-28.587471599999997,1
2025-06-22 07:00:00.104000+08:00,hyperliquid,-2.49763e-05,-21.8792388,1
2025-06-22 08:00:00.016000+08:00,hyperliquid,-1.97547e-05,-17.3051172,1
2025-06-22 09:00:00.040000+08:00,hyperliquid,7.0041e-06,6.135591600000001,1
2025-06-22 10:00:00.038000+08:00,hyperliquid,5.1496e-06,4.5110496,1
2025-06-22 11:00:00.065000+08:00,hyperliquid,-9.9924e-06,-8.7533424,1
2025-06-22 12:00:00.100000+08:00,hyperliquid,2.1442e-06,1.8783192,1
2025-06-22 13:00:00.018000+08:00,hyperliquid,1.8853e-06,1.6515228,1
2025-06-22 14:00:00.038000+08:00,hyperliquid,4.9888e-06,4.3701888,1
2025-06-22 15:00:00.067000+08:00,hyperliquid,8.4992e-06,7.445299199999999,1
2025-06-22 16:00:00.031000+08:00,hyperliquid,-1.3619e-06,-1.1930243999999999,1
2025-06-22 17:00:00.046000+08:00,hyperliquid,1.12019e-05,9.8128644,1
2025-06-22 18:00:00.050000+08:00,hyperliquid,8.1654e-06,7.1528904,1
2025-06-22 19:00:00.036000+08:00,hyperliquid,6.0385e-06,5.289726,1
2025-06-22 20:00:00.031000+08:00,hyperliquid,8.471e-07,0.7420595999999999,1
2025-06-22 21:00:00.012000+08:00,hyperliquid,-7.0622e-06,-6.1864872,1
2025-06-22 22:00:00.086000+08:00,hyperliquid,-1.25345e-05,-10.980222000000001,1
2025-06-22 23:00:00.065000+08:00,hyperliquid,-3.2999e-06,-2.8907124,1
2025-06-23 00:00:00.069000+08:00,hyperliquid,-8.1129e-06,-7.106900400000001,1
2025-06-23 01:00:00.040000+08:00,hyperliquid,1.6807e-06,1.4722932000000002,1
2025-06-23 02:00:00.048000+08:00,hyperliquid,1.25e-05,10.95,1
2025-06-23 03:00:00.085000+08:00,hyperliquid,1.20951e-05,10.5953076,1
2025-06-23 04:00:00.054000+08:00,hyperliquid,1.25e-05,10.95,1
2025-06-23 05:00:00.048000+08:00,hyperliquid,1.25e-05,10.95,1
2025-06-23 06:00:00.041000+08:00,hyperliquid,5.5102e-06,4.8269352,1
2025-06-23 07:00:00.044000+08:00,hyperliquid,9.977e-06,8.739851999999999,1
2025-06-23 08:00:00.043000+08:00,hyperliquid,9.49e-08,0.0831324,1
2025-06-23 09:00:00.037000+08:00,hyperliquid,8.7903e-06,7.7003028,1
2025-06-23 10:00:00.017000+08:00,hyperliquid,6.6775e-06,5.84949,1
2025-06-23 11:00:00.044000+08:00,hyperliquid,8.5371e-06,7.478499600000001,1
2025-06-23 12:00:00.049000+08:00,hyperliquid,7.4018e-06,6.483976800000001,1
2025-06-23 13:00:00.019000+08:00,hyperliquid,4.8195e-06,4.221882000000001,1
2025-06-23 14:00:00.076000+08:00,hyperliquid,5.5371e-06,4.8504996,1
2025-06-23 15:00:00.011000+08:00,hyperliquid,1.25e-05,10.95,1
2025-06-23 16:00:00.017000+08:00,hyperliquid,1.25e-05,10.95,1
2025-06-23 17:00:00.019000+08:00,hyperliquid,1.25e-05,10.95,1
2025-06-23 18:00:00.046000+08:00,hyperliquid,1.25e-05,10.95,1
2025-06-23 19:00:00.034000+08:00,hyperliquid,1.25e-05,10.95,1
2025-06-23 20:00:00.080000+08:00,hyperliquid,1.25e-05,10.95,1
2025-06-23 21:00:00.012000+08:00,hyperliquid,1.25e-05,10.95,1
2025-06-23 22:00:00.004000+08:00,hyperliquid,1.25e-05,10.95,1
2025-06-23 23:00:00.046000+08:00,hyperliquid,-3.2123e-06,-2.8139748000000004,1
2025-06-24 00:00:00.038000+08:00,hyperliquid,-2.27057e-05,-19.8901932,1
2025-06-24 01:00:00.060000+08:00,hyperliquid,-1.66735e-05,-14.605985999999998,1
2025-06-24 02:00:00.057000+08:00,hyperliquid,1.25e-05,10.95,1
2025-06-24 03:00:00.136000+08:00,hyperliquid,1.25e-05,10.95,1
2025-06-24 04:00:00.113000+08:00,hyperliquid,1.25e-05,10.95,1
2025-06-24 05:00:00.002000+08:00,hyperliquid,1.25e-05,10.95,1
2025-06-24 06:00:00.022000+08:00,hyperliquid,-6.7728e-06,-5.9329728,1
2025-06-24 07:00:00.081000+08:00,hyperliquid,1.5143e-06,1.3265268000000001,1
2025-06-24 08:00:00.086000+08:00,hyperliquid,-9.08e-08,-0.07954080000000001,1
2025-06-24 09:00:00.030000+08:00,hyperliquid,-1.78313e-05,-15.6202188,1
2025-06-24 10:00:00.012000+08:00,hyperliquid,-3.2277e-06,-2.8274652000000002,1
2025-06-24 11:00:00.058000+08:00,hyperliquid,-4.5841e-06,-4.0156716,1
2025-06-24 12:00:00.011000+08:00,hyperliquid,-5.1393e-06,-4.5020268,1
2025-06-24 13:00:00.057000+08:00,hyperliquid,-3.2447e-06,-2.8423572,1
2025-06-24 14:00:00.021000+08:00,hyperliquid,5.2279e-06,4.579640400000001,1
2025-06-24 15:00:00.020000+08:00,hyperliquid,1.02278e-05,8.9595528,1
2025-06-24 16:00:00.005000+08:00,hyperliquid,1.22038e-05,10.690528800000001,1
2025-06-24 17:00:00.035000+08:00,hyperliquid,7.8465e-06,6.873534,1
2025-06-24 18:00:00.047000+08:00,hyperliquid,1.4987e-06,1.3128612,1
2025-06-24 19:00:00.024000+08:00,hyperliquid,5.219e-07,0.45718440000000005,1
2025-06-24 20:00:00.039000+08:00,hyperliquid,8.3171e-06,7.285779600000001,1
2025-06-24 21:00:00.075000+08:00,hyperliquid,9.0188e-06,7.9004688000000005,1
2025-06-24 22:00:00+08:00,hyperliquid,-1.5053e-06,-1.3186428000000001,1
2025-06-24 23:00:00.070000+08:00,hyperliquid,-5.362e-07,-0.46971120000000005,1
2025-06-25 00:00:00.015000+08:00,hyperliquid,-1.5076e-06,-1.3206575999999999,1
2025-06-25 01:00:00.052000+08:00,hyperliquid,1.25e-05,10.95,1
2025-06-25 02:00:00.069000+08:00,hyperliquid,9.8607e-06,8.6379732,1
2025-06-25 03:00:00.043000+08:00,hyperliquid,-4.4816e-06,-3.9258815999999994,1
2025-06-25 04:00:00.020000+08:00,hyperliquid,-4.8442e-06,-4.243519200000001,1
2025-06-25 05:00:00.117000+08:00,hyperliquid,-6.2149e-06,-5.444252400000001,1
2025-06-25 06:00:00.021000+08:00,hyperliquid,-1.03535e-05,-9.069666,1
2025-06-25 07:00:00.016000+08:00,hyperliquid,-1.56014e-05,-13.666826399999998,1
2025-06-25 08:00:00.046000+08:00,hyperliquid,-1.03333e-05,-9.051970800000001,1
2025-06-25 09:00:00.024000+08:00,hyperliquid,-9.6231e-06,-8.429835599999999,1
2025-06-25 10:00:00.044000+08:00,hyperliquid,1.3031e-06,1.1415156000000002,1
2025-06-25 11:00:00.022000+08:00,hyperliquid,-2.4098e-06,-2.1109848,1
2025-06-25 12:00:00.021000+08:00,hyperliquid,5.1968e-06,4.5523967999999995,1
2025-06-25 13:00:00.108000+08:00,hyperliquid,1.0965e-06,0.960534,1
2025-06-25 14:00:00.081000+08:00,hyperliquid,-8.4388e-06,-7.392388799999999,1
2025-06-25 15:00:00.014000+08:00,hyperliquid,1.6573e-06,1.4517947999999998,1
2025-06-25 16:00:00.049000+08:00,hyperliquid,2.3941e-06,2.0972316,1
2025-06-25 17:00:00.056000+08:00,hyperliquid,7.7722e-06,6.808447199999999,1
2025-06-25 18:00:00.018000+08:00,hyperliquid,5.5135e-06,4.829826,1
2025-06-25 19:00:00.047000+08:00,hyperliquid,-3.6503e-06,-3.1976628,1
2025-06-25 20:00:00.014000+08:00,hyperliquid,-1.70199e-05,-14.9094324,1
2025-06-25 21:00:00.113000+08:00,hyperliquid,-4.7036e-06,-4.1203536,1
2025-06-25 22:00:00.133000+08:00,hyperliquid,1.6972e-06,1.4867472,1
2025-06-25 23:00:00.058000+08:00,hyperliquid,-1.01283e-05,-8.8723908,1
2025-06-26 00:00:00.058000+08:00,hyperliquid,-9.8189e-06,-8.6013564,1
2025-06-26 01:00:00.041000+08:00,hyperliquid,-1.23662e-05,-10.832791199999999,1
2025-06-26 02:00:00.042000+08:00,hyperliquid,-5.766e-06,-5.051016000000001,1
2025-06-26 03:00:00.007000+08:00,hyperliquid,-1.30564e-05,-11.4374064,1
2025-06-26 04:00:00.067000+08:00,hyperliquid,-4.6157e-06,-4.043353199999999,1
2025-06-26 05:00:00.026000+08:00,hyperliquid,-3.7218e-06,-3.2602968000000003,1
2025-06-26 06:00:00.007000+08:00,hyperliquid,-1.00899e-05,-8.838752399999999,1
2025-06-26 07:00:00.042000+08:00,hyperliquid,-2.929e-06,-2.565804,1
2025-06-26 08:00:00.101000+08:00,hyperliquid,-1.7603e-05,-15.420228,1
2025-06-26 09:00:00.002000+08:00,hyperliquid,-1.19344e-05,-10.4545344,1
2025-06-26 10:00:00.017000+08:00,hyperliquid,-1.82455e-05,-15.983058,1
2025-06-26 11:00:00.038000+08:00,hyperliquid,-1.55331e-05,-13.6069956,1
2025-06-26 12:00:00.069000+08:00,hyperliquid,2.268e-06,1.9867680000000003,1
2025-06-26 13:00:00.068000+08:00,hyperliquid,5.5655e-06,4.875378,1
2025-06-26 14:00:00.042000+08:00,hyperliquid,5.1429e-06,4.5051804,1
2025-06-26 15:00:00.020000+08:00,hyperliquid,2.9727e-06,2.6040852,1
2025-06-26 16:00:00.086000+08:00,hyperliquid,1.9384e-06,1.6980384000000002,1
2025-06-26 17:00:00.030000+08:00,hyperliquid,-1.69565e-05,-14.853894,1
2025-06-26 18:00:00.107000+08:00,hyperliquid,-1.35304e-05,-11.8526304,1
2025-06-26 19:00:00.055000+08:00,hyperliquid,-6.9986e-06,-6.1307736,1
2025-06-26 20:00:00.037000+08:00,hyperliquid,-2.3941e-05,-20.972316,1
2025-06-26 21:00:00.035000+08:00,hyperliquid,-1.28701e-05,-11.2742076,1
2025-06-26 22:00:00.041000+08:00,hyperliquid,3.9762e-06,3.4831512,1
2025-06-26 23:00:00.057000+08:00,hyperliquid,1.00165e-05,8.774454,1
2025-06-27 00:00:00.035000+08:00,hyperliquid,8.2973e-06,7.2684348,1
2025-06-27 01:00:00.006000+08:00,hyperliquid,3.3999e-06,2.9783123999999996,1
2025-06-27 02:00:00.019000+08:00,hyperliquid,-3.0533e-06,-2.6746908,1
2025-06-27 03:00:00.032000+08:00,hyperliquid,-5.972e-06,-5.231471999999999,1
2025-06-27 04:00:00.060000+08:00,hyperliquid,7.924e-06,6.9414240000000005,1
2025-06-27 05:00:00.003000+08:00,hyperliquid,1.25e-05,10.95,1
2025-06-27 06:00:00.030000+08:00,hyperliquid,5.0179e-06,4.3956804,1
2025-06-27 07:00:00.100000+08:00,hyperliquid,3.441e-06,3.014316,1
2025-06-27 08:00:00.045000+08:00,hyperliquid,7.29e-07,0.638604,1
2025-06-27 09:00:00.051000+08:00,hyperliquid,5.297e-06,4.640172,1
2025-06-27 10:00:00.002000+08:00,hyperliquid,4.6503e-06,4.0736628,1
2025-06-27 11:00:00.058000+08:00,hyperliquid,7.3663e-06,6.452878800000001,1
2025-06-27 12:00:00.075000+08:00,hyperliquid,-6.3239e-06,-5.5397364,1
2025-06-27 13:00:00.053000+08:00,hyperliquid,-3.1213e-06,-2.7342588,1
2025-06-27 14:00:00.022000+08:00,hyperliquid,1.4094e-06,1.2346344,1
2025-06-27 15:00:00.039000+08:00,hyperliquid,6.0764e-06,5.3229264,1
2025-06-27 16:00:00.094000+08:00,hyperliquid,2.364e-06,2.0708640000000003,1
2025-06-27 17:00:00.074000+08:00,hyperliquid,-2.8272e-06,-2.4766272,1
2025-06-27 18:00:00.062000+08:00,hyperliquid,-1.8372e-06,-1.6093871999999998,1
2025-06-27 19:00:00.077000+08:00,hyperliquid,-9.7627e-06,-8.5521252,1
2025-06-27 20:00:00.089000+08:00,hyperliquid,-2.34899e-05,-20.577152400000003,1
2025-06-27 21:00:00.012000+08:00,hyperliquid,1.8558e-06,1.6256808,1
2025-06-27 22:00:00.134000+08:00,hyperliquid,9.7912e-06,8.5770912,1
2025-06-27 23:00:00.057000+08:00,hyperliquid,1.25e-05,10.95,1
2025-06-28 00:00:00.002000+08:00,hyperliquid,1.25e-05,10.95,1
2025-06-28 01:00:00.040000+08:00,hyperliquid,1.25e-05,10.95,1
2025-06-28 02:00:00.028000+08:00,hyperliquid,1.18494e-05,10.3800744,1
2025-06-28 03:00:00.055000+08:00,hyperliquid,1.11037e-05,9.726841199999999,1
2025-06-28 04:00:00.010000+08:00,hyperliquid,1.18331e-05,10.3657956,1
2025-06-28 05:00:00.128000+08:00,hyperliquid,8.5102e-06,7.4549351999999995,1
2025-06-28 06:00:00.049000+08:00,hyperliquid,3.3355e-06,2.921898,1
2025-06-28 07:00:00.026000+08:00,hyperliquid,8.6695e-06,7.594482000000001,1
2025-06-28 08:00:00.061000+08:00,hyperliquid,1.25e-05,10.95,1
2025-06-28 09:00:00.002000+08:00,hyperliquid,1.18552e-05,10.3851552,1
2025-06-28 10:00:00.050000+08:00,hyperliquid,7.5009e-06,6.5707884,1
2025-06-28 11:00:00.018000+08:00,hyperliquid,4.4315e-06,3.8819939999999997,1
2025-06-28 12:00:00.012000+08:00,hyperliquid,-1.5979e-06,-1.3997604000000001,1
2025-06-28 13:00:00.027000+08:00,hyperliquid,-9.6562e-06,-8.4588312,1
2025-06-28 14:00:00.009000+08:00,hyperliquid,1.4381e-06,1.2597756,1
2025-06-28 15:00:00.061000+08:00,hyperliquid,8.4802e-06,7.428655200000001,1
2025-06-28 16:00:00.029000+08:00,hyperliquid,1.25e-05,10.95,1
2025-06-28 17:00:00.080000+08:00,hyperliquid,1.04867e-05,9.1863492,1
2025-06-28 18:00:00.063000+08:00,hyperliquid,1.14142e-05,9.998839199999999,1
2025-06-28 19:00:00.015000+08:00,hyperliquid,4.56e-06,3.9945600000000003,1
2025-06-28 20:00:00.033000+08:00,hyperliquid,-3.6626e-06,-3.2084376,1
2025-06-28 21:00:00.035000+08:00,hyperliquid,3.2704e-06,2.8648704,1
2025-06-28 22:00:00.069000+08:00,hyperliquid,1.02451e-05,8.9747076,1
2025-06-28 23:00:00.038000+08:00,hyperliquid,1.10111e-05,9.6457236,1
2025-06-29 00:00:00.129000+08:00,hyperliquid,1.25e-05,10.95,1
2025-06-29 01:00:00.012000+08:00,hyperliquid,1.25e-05,10.95,1
2025-06-29 02:00:00.074000+08:00,hyperliquid,1.25e-05,10.95,1
2025-06-29 03:00:00.062000+08:00,hyperliquid,1.25e-05,10.95,1
2025-06-29 04:00:00.031000+08:00,hyperliquid,1.25e-05,10.95,1
2025-06-29 05:00:00.032000+08:00,hyperliquid,1.25e-05,10.95,1
2025-06-29 06:00:00.098000+08:00,hyperliquid,1.25e-05,10.95,1
2025-06-29 07:00:00.026000+08:00,hyperliquid,1.25e-05,10.95,1
2025-06-29 08:00:00.019000+08:00,hyperliquid,1.25e-05,10.95,1
2025-06-29 09:00:00.121000+08:00,hyperliquid,1.25e-05,10.95,1
2025-06-29 10:00:00.018000+08:00,hyperliquid,1.25e-05,10.95,1
2025-06-29 11:00:00.058000+08:00,hyperliquid,1.25e-05,10.95,1
2025-06-29 12:00:00.046000+08:00,hyperliquid,1.25e-05,10.95,1
2025-06-29 13:00:00.092000+08:00,hyperliquid,1.25e-05,10.95,1
2025-06-29 14:00:00.009000+08:00,hyperliquid,1.25e-05,10.95,1
2025-06-29 15:00:00.042000+08:00,hyperliquid,1.25e-05,10.95,1
2025-06-29 16:00:00.036000+08:00,hyperliquid,1.25e-05,10.95,1
2025-06-29 17:00:00.036000+08:00,hyperliquid,1.25e-05,10.95,1
2025-06-29 18:00:00.076000+08:00,hyperliquid,1.25e-05,10.95,1
2025-06-29 19:00:00.049000+08:00,hyperliquid,1.25e-05,10.95,1
2025-06-29 20:00:00.033000+08:00,hyperliquid,1.25e-05,10.95,1
2025-06-29 21:00:00.061000+08:00,hyperliquid,1.25e-05,10.95,1
2025-06-29 22:00:00.001000+08:00,hyperliquid,1.25e-05,10.95,1
2025-06-29 23:00:00.052000+08:00,hyperliquid,1.25e-05,10.95,1
2025-06-30 00:00:00.060000+08:00,hyperliquid,1.25e-05,10.95,1
2025-06-30 01:00:00.066000+08:00,hyperliquid,1.25e-05,10.95,1
2025-06-30 02:00:00.047000+08:00,hyperliquid,1.25e-05,10.95,1
2025-06-30 03:00:00.122000+08:00,hyperliquid,1.25e-05,10.95,1
2025-06-30 04:00:00.049000+08:00,hyperliquid,1.25e-05,10.95,1
2025-06-30 05:00:00.068000+08:00,hyperliquid,1.25e-05,10.95,1
2025-06-30 06:00:00.016000+08:00,hyperliquid,1.25e-05,10.95,1
2025-06-30 07:00:00.017000+08:00,hyperliquid,1.25e-05,10.95,1
2025-06-30 08:00:00.062000+08:00,hyperliquid,1.25e-05,10.95,1
2025-06-30 09:00:00.028000+08:00,hyperliquid,1.25e-05,10.95,1
2025-06-30 10:00:00.062000+08:00,hyperliquid,1.25e-05,10.95,1
2025-06-30 11:00:00.034000+08:00,hyperliquid,1.25e-05,10.95,1
2025-06-30 12:00:00.049000+08:00,hyperliquid,1.25e-05,10.95,1
2025-06-30 13:00:00.040000+08:00,hyperliquid,1.25e-05,10.95,1
2025-06-30 14:00:00.058000+08:00,hyperliquid,1.25e-05,10.95,1
2025-06-30 15:00:00.011000+08:00,hyperliquid,1.25e-05,10.95,1
2025-06-30 16:00:00.035000+08:00,hyperliquid,1.25e-05,10.95,1
2025-06-30 17:00:00.077000+08:00,hyperliquid,1.25e-05,10.95,1
2025-06-30 18:00:00.008000+08:00,hyperliquid,1.25e-05,10.95,1
2025-06-30 19:00:00.026000+08:00,hyperliquid,1.25e-05,10.95,1
2025-06-30 20:00:00.051000+08:00,hyperliquid,1.25e-05,10.95,1
2025-06-30 21:00:00.038000+08:00,hyperliquid,1.25e-05,10.95,1
2025-06-30 22:00:00.068000+08:00,hyperliquid,1.25e-05,10.95,1
2025-06-30 23:00:00.010000+08:00,hyperliquid,1.25e-05,10.95,1
2025-07-01 00:00:00.014000+08:00,hyperliquid,1.25e-05,10.95,1
2025-07-01 01:00:00.035000+08:00,hyperliquid,1.25e-05,10.95,1
2025-07-01 02:00:00.047000+08:00,hyperliquid,1.25e-05,10.95,1
2025-07-01 03:00:00.009000+08:00,hyperliquid,1.25e-05,10.95,1
2025-07-01 04:00:00.048000+08:00,hyperliquid,1.25e-05,10.95,1
2025-07-01 05:00:00.106000+08:00,hyperliquid,1.25e-05,10.95,1
2025-07-01 06:00:00.037000+08:00,hyperliquid,1.25e-05,10.95,1
2025-07-01 07:00:00.013000+08:00,hyperliquid,1.25e-05,10.95,1
