timestamp_utc,platform,bid,ask,mid,spread,raw_bps,tick_norm
2026-06-17 08:00:00.753360+08:00,orderly,1792.13,1792.14,1792.1350000000002,0.009999999999990905,0.05579936779311215,0.9999999999990905
2026-06-17 09:00:02.155269+08:00,orderly,1793.03,1793.04,1793.0349999999999,0.009999999999990905,0.05577135973358526,0.9999999999990905
2026-06-17 10:00:00.751445+08:00,orderly,1796.27,1796.28,1796.275,0.009999999999990905,0.055670763106934654,0.9999999999990905
2026-06-17 11:00:00.555240+08:00,orderly,1794.41,1794.42,1794.415,0.009999999999990905,0.05572846860949616,0.9999999999990905
2026-06-17 12:00:00.755251+08:00,orderly,1792.57,1792.58,1792.5749999999998,0.009999999999990905,0.05578567145023726,0.9999999999990905
2026-06-17 13:00:01.355215+08:00,orderly,1793.19,1793.2,1793.1950000000002,0.009999999999990905,0.0557663834663319,0.9999999999990905
2026-06-17 14:00:00.357688+08:00,orderly,1792.76,1792.77,1792.7649999999999,0.009999999999990905,0.05577975919872881,0.9999999999990905
2026-06-17 15:00:00.356397+08:00,orderly,1788.89,1788.9,1788.895,0.009999999999990905,0.055900430153759194,0.9999999999990905
2026-06-17 16:00:00.755385+08:00,orderly,1783.84,1783.85,1783.8449999999998,0.009999999999990905,0.05605868222850587,0.9999999999990905
2026-06-17 17:00:00.555533+08:00,orderly,1764.03,1764.04,1764.0349999999999,0.009999999999990905,0.0566882176373536,0.9999999999990905
2026-06-17 18:00:00.966884+08:00,orderly,1771.6,1771.61,1771.605,0.009999999999990905,0.05644599106454828,0.9999999999990905
2026-06-17 19:00:00.352943+08:00,orderly,1767.46,1767.47,1767.4650000000001,0.009999999999990905,0.056578206640532654,0.9999999999990905
2026-06-17 20:00:00.348907+08:00,orderly,1763.0,1763.01,1763.005,0.009999999999990905,0.05672133658152362,0.9999999999990905
2026-06-17 21:00:00.953029+08:00,orderly,1757.91,1757.92,1757.915,0.009999999999990905,0.05688557182793767,0.9999999999990905
2026-06-17 22:00:00.752419+08:00,orderly,1759.55,1759.56,1759.5549999999998,0.009999999999990905,0.05683255141209514,0.9999999999990905
2026-06-17 23:00:00.356165+08:00,orderly,1753.7,1753.71,1753.705,0.009999999999990905,0.057022133140926815,0.9999999999990905
2026-06-18 00:00:00.352058+08:00,orderly,1771.88,1771.89,1771.8850000000002,0.009999999999990905,0.05643707125457298,0.9999999999990905
2026-06-18 01:00:00.556386+08:00,orderly,1770.83,1770.84,1770.835,0.009999999999990905,0.05647053508650385,0.9999999999990905
2026-06-18 02:00:00.751914+08:00,orderly,1787.73,1787.74,1787.7350000000001,0.009999999999990905,0.05593670202793426,0.9999999999990905
2026-06-18 03:00:00.350053+08:00,orderly,1769.52,1769.53,1769.525,0.009999999999990905,0.0565123408823888,0.9999999999990905
2026-06-18 04:00:00.752138+08:00,orderly,1733.34,1733.35,1733.3449999999998,0.009999999999990905,0.05769191938125939,0.9999999999990905
2026-06-18 05:00:00.748635+08:00,orderly,1745.85,1745.86,1745.855,0.009999999999990905,0.05727852542158945,0.9999999999990905
2026-06-18 06:00:00.354876+08:00,orderly,1738.04,1738.14,1738.0900000000001,0.10000000000013642,0.5753441996682359,10.000000000013642
2026-06-18 07:00:00.750977+08:00,orderly,1739.36,1739.37,1739.3649999999998,0.009999999999990905,0.05749224573330443,0.9999999999990905
2026-06-18 08:00:00.150297+08:00,orderly,1749.16,1749.17,1749.165,0.009999999999990905,0.05717013546458399,0.9999999999990905
2026-06-18 09:00:00.755741+08:00,orderly,1752.22,1752.23,1752.225,0.009999999999990905,0.05707029633746183,0.9999999999990905
2026-06-18 10:00:01.359165+08:00,orderly,1753.59,1753.6,1753.5949999999998,0.009999999999990905,0.057025710041320295,0.9999999999990905
2026-06-18 11:00:00.355012+08:00,orderly,1754.5,1754.51,1754.505,0.009999999999990905,0.056996132812336835,0.9999999999990905
2026-06-18 12:00:00.757631+08:00,orderly,1742.81,1742.82,1742.815,0.009999999999990905,0.05737843660968551,0.9999999999990905
2026-06-18 13:00:00.955069+08:00,orderly,1729.02,1729.03,1729.025,0.009999999999990905,0.05783606367745351,0.9999999999990905
2026-06-18 14:00:00.157773+08:00,orderly,1729.68,1729.69,1729.685,0.009999999999990905,0.05781399503372525,0.9999999999990905
2026-06-18 15:00:00.351426+08:00,orderly,1734.13,1734.23,1734.18,0.09999999999990905,0.5766414097723941,9.999999999990905
2026-06-18 16:00:00.554608+08:00,orderly,1747.94,1747.95,1747.9450000000002,0.009999999999990905,0.0572100380732283,0.9999999999990905
2026-06-18 17:00:00.353095+08:00,orderly,1746.56,1746.57,1746.565,0.009999999999990905,0.05725524100157111,0.9999999999990905
2026-06-18 18:00:02.756289+08:00,orderly,1744.97,1744.98,1744.975,0.009999999999990905,0.05730741128091179,0.9999999999990905
2026-06-18 19:00:02.153113+08:00,orderly,1745.39,1745.4,1745.395,0.009999999999990905,0.057293621214629956,0.9999999999990905
2026-06-18 20:00:00.952697+08:00,orderly,1742.14,1742.15,1742.145,0.009999999999990905,0.05740050340236263,0.9999999999990905
2026-06-18 21:00:00.171668+08:00,orderly,1748.63,1748.64,1748.6350000000002,0.009999999999990905,0.057187463364229266,0.9999999999990905
2026-06-18 22:00:00.354401+08:00,orderly,1735.27,1735.28,1735.275,0.009999999999990905,0.05762775352604575,0.9999999999990905
2026-06-18 23:00:00.158405+08:00,orderly,1738.13,1738.14,1738.1350000000002,0.009999999999990905,0.05753293041099169,0.9999999999990905
2026-06-19 00:00:00.949745+08:00,orderly,1679.89,1679.9,1679.895,0.009999999999990905,0.05952752999438003,0.9999999999990905
2026-06-19 01:00:00.356899+08:00,orderly,1685.43,1685.44,1685.435,0.009999999999990905,0.059331863880783924,0.9999999999990905
2026-06-19 02:00:00.749432+08:00,orderly,1678.31,1678.32,1678.315,0.009999999999990905,0.05958357042623646,0.9999999999990905
2026-06-19 03:00:00.551026+08:00,orderly,1683.46,1683.47,1683.4650000000001,0.009999999999990905,0.059401294354149946,0.9999999999990905
2026-06-19 04:00:00.547897+08:00,orderly,1704.39,1704.4,1704.395,0.009999999999990905,0.05867184543483702,0.9999999999990905
2026-06-19 05:00:05.149421+08:00,orderly,1709.33,1709.34,1709.335,0.009999999999990905,0.058502283051542876,0.9999999999990905
2026-06-19 06:00:00.548809+08:00,orderly,1706.12,1706.13,1706.125,0.010000000000218279,0.058612352554579986,1.0000000000218279
2026-06-19 07:00:00.551225+08:00,orderly,1705.36,1705.37,1705.3649999999998,0.009999999999990905,0.05863847328865613,0.9999999999990905
2026-06-19 08:00:01.358882+08:00,orderly,1709.5,1709.51,1709.505,0.009999999999990905,0.058496465351027954,0.9999999999990905
2026-06-19 09:00:00.349524+08:00,orderly,1712.22,1712.35,1712.2849999999999,0.12999999999988177,0.7592194056473179,12.999999999988177
2026-06-19 10:00:01.155061+08:00,orderly,1712.09,1712.1,1712.0949999999998,0.009999999999990905,0.05840797385653778,0.9999999999990905
2026-06-19 11:00:00.754484+08:00,orderly,1705.64,1705.65,1705.645,0.009999999999990905,0.05862884715161071,0.9999999999990905
2026-06-19 12:00:00.143843+08:00,orderly,1696.0,1696.01,1696.005,0.009999999999990905,0.05896209032397254,0.9999999999990905
2026-06-19 13:00:00.371998+08:00,orderly,1688.13,1688.14,1688.1350000000002,0.009999999999990905,0.0592369686073146,0.9999999999990905
2026-06-19 14:00:00.949653+08:00,orderly,1695.87,1695.88,1695.875,0.010000000000218279,0.058966610158285714,1.0000000000218279
2026-06-19 15:00:01.551119+08:00,orderly,1698.77,1698.78,1698.775,0.009999999999990905,0.05886594752095424,0.9999999999990905
2026-06-19 16:00:01.026846+08:00,orderly,1694.65,1694.66,1694.6550000000002,0.009999999999990905,0.059009060841238505,0.9999999999990905
2026-06-19 17:00:00.152327+08:00,orderly,1696.63,1696.64,1696.6350000000002,0.009999999999990905,0.05894019632974036,0.9999999999990905
2026-06-19 18:00:00.753806+08:00,orderly,1688.23,1688.24,1688.2350000000001,0.009999999999990905,0.05923345979671612,0.9999999999990905
2026-06-19 19:00:02.352994+08:00,orderly,1691.39,1691.4,1691.395,0.009999999999990905,0.05912279508920686,0.9999999999990905
2026-06-19 20:00:00.153690+08:00,orderly,1690.58,1690.59,1690.585,0.009999999999990905,0.05915112224461299,0.9999999999990905
2026-06-19 21:00:00.755486+08:00,orderly,1694.37,1694.38,1694.375,0.010000000000218279,0.059018812247691795,1.0000000000218279
2026-06-19 22:00:00.963324+08:00,orderly,1702.15,1702.16,1702.1550000000002,0.009999999999990905,0.05874905634322904,0.9999999999990905
2026-06-19 23:00:00.561202+08:00,orderly,1705.48,1705.49,1705.4850000000001,0.009999999999990905,0.058634347414318534,0.9999999999990905
2026-06-20 00:00:00.762759+08:00,orderly,1706.27,1706.28,1706.275,0.009999999999990905,0.05860719989445373,0.9999999999990905
2026-06-20 01:00:00.355479+08:00,orderly,1695.52,1695.53,1695.525,0.009999999999990905,0.058978782382984055,0.9999999999990905
2026-06-20 02:00:01.348319+08:00,orderly,1702.99,1703.0,1702.995,0.009999999999990905,0.05872007844997141,0.9999999999990905
2026-06-20 03:00:00.356064+08:00,orderly,1701.14,1701.15,1701.145,0.009999999999990905,0.05878393670140349,0.9999999999990905
2026-06-20 04:00:01.364402+08:00,orderly,1699.86,1699.87,1699.8649999999998,0.009999999999990905,0.0588282010629721,0.9999999999990905
2026-06-20 05:00:00.357395+08:00,orderly,1707.37,1707.38,1707.375,0.010000000000218279,0.058569441395231146,1.0000000000218279
2026-06-20 06:00:01.352290+08:00,orderly,1700.29,1700.3,1700.295,0.009999999999990905,0.05881332357026813,0.9999999999990905
2026-06-20 07:00:00.555856+08:00,orderly,1705.9,1705.91,1705.9050000000002,0.009999999999990905,0.05861991142526052,0.9999999999990905
2026-06-20 08:00:00.367826+08:00,orderly,1708.41,1708.42,1708.415,0.009999999999990905,0.05853378716524325,0.9999999999990905
2026-06-20 09:00:01.958953+08:00,orderly,1707.6,1707.61,1707.605,0.009999999999990905,0.05856155258382884,0.9999999999990905
2026-06-20 10:00:01.365762+08:00,orderly,1708.61,1708.62,1708.6149999999998,0.009999999999990905,0.05852693555886438,0.9999999999990905
2026-06-20 11:00:00.555720+08:00,orderly,1703.55,1703.56,1703.5549999999998,0.009999999999990905,0.0587007757306979,0.9999999999990905
2026-06-20 12:00:02.155815+08:00,orderly,1706.86,1706.87,1706.8649999999998,0.009999999999990905,0.058586941556543176,0.9999999999990905
2026-06-20 13:00:00.354815+08:00,orderly,1712.16,1712.17,1712.165,0.009999999999990905,0.05840558591018334,0.9999999999990905
2026-06-20 14:00:00.952608+08:00,orderly,1724.93,1724.94,1724.935,0.009999999999990905,0.057973198990054146,0.9999999999990905
2026-06-20 15:00:00.151582+08:00,orderly,1726.61,1726.62,1726.6149999999998,0.009999999999990905,0.05791679094639457,0.9999999999990905
2026-06-20 16:00:01.355364+08:00,orderly,1724.3,1724.31,1724.3049999999998,0.009999999999990905,0.05799438034449187,0.9999999999990905
2026-06-20 17:00:00.952551+08:00,orderly,1721.92,1721.93,1721.9250000000002,0.009999999999990905,0.058074538670330605,0.9999999999990905
2026-06-20 18:00:00.952382+08:00,orderly,1727.27,1727.28,1727.275,0.009999999999990905,0.05789466066486752,0.9999999999990905
2026-06-20 19:00:04.353275+08:00,orderly,1726.48,1726.49,1726.4850000000001,0.009999999999990905,0.05792115193581702,0.9999999999990905
2026-06-20 20:00:00.154082+08:00,orderly,1726.08,1726.09,1726.085,0.009999999999990905,0.05793457448498136,0.9999999999990905
2026-06-20 21:00:00.950228+08:00,orderly,1725.09,1725.56,1725.3249999999998,0.4700000000000273,2.724124440322996,47.00000000000273
2026-06-20 22:00:00.290405+08:00,orderly,1716.6,1716.61,1716.605,0.009999999999990905,0.05825451982250375,0.9999999999990905
2026-06-20 23:00:00.754896+08:00,orderly,1732.79,1732.8,1732.795,0.009999999999990905,0.05771023115827841,0.9999999999990905
2026-06-21 00:00:00.750327+08:00,orderly,1740.09,1740.1,1740.0949999999998,0.009999999999990905,0.05746812674015445,0.9999999999990905
2026-06-21 01:00:00.954055+08:00,orderly,1732.96,1732.97,1732.9650000000001,0.009999999999990905,0.0577045699133618,0.9999999999990905
2026-06-21 02:00:01.955137+08:00,orderly,1726.02,1726.03,1726.025,0.009999999999990905,0.057936588403939136,0.9999999999990905
2026-06-21 03:00:00.357611+08:00,orderly,1725.72,1725.73,1725.725,0.009999999999990905,0.05794666009932582,0.9999999999990905
2026-06-21 04:00:02.157060+08:00,orderly,1728.5,1728.51,1728.505,0.009999999999990905,0.057853462963606724,0.9999999999990905
2026-06-21 05:00:00.356626+08:00,orderly,1730.42,1730.43,1730.4250000000002,0.009999999999990905,0.057789271421707984,0.9999999999990905
2026-06-21 06:00:00.754376+08:00,orderly,1734.71,1734.72,1734.7150000000001,0.009999999999990905,0.05764635689430774,0.9999999999990905
2026-06-21 07:00:00.953474+08:00,orderly,1742.47,1742.48,1742.475,0.009999999999990905,0.057389632562825324,0.9999999999990905
2026-06-21 08:00:00.552271+08:00,orderly,1739.95,1739.96,1739.955,0.009999999999990905,0.057472750732006896,0.9999999999990905
2026-06-21 09:00:03.953325+08:00,orderly,1737.16,1737.17,1737.165,0.009999999999990905,0.057565055708530315,0.9999999999990905
2026-06-21 10:00:00.757139+08:00,orderly,1736.04,1736.05,1736.045,0.009999999999990905,0.05760219349147577,0.9999999999990905
2026-06-21 11:00:01.361722+08:00,orderly,1735.44,1735.45,1735.4450000000002,0.009999999999990905,0.0576221084505179,0.9999999999990905
2026-06-21 12:00:00.751782+08:00,orderly,1737.45,1737.46,1737.455,0.009999999999990905,0.05755544747916295,0.9999999999990905
2026-06-21 13:00:00.550630+08:00,orderly,1732.3,1732.31,1732.3049999999998,0.009999999999990905,0.0577265550811832,0.9999999999990905
2026-06-21 14:00:03.952427+08:00,orderly,1732.42,1732.43,1732.4250000000002,0.009999999999990905,0.057722556531976305,0.9999999999990905
2026-06-21 15:00:04.352625+08:00,orderly,1735.11,1735.12,1735.1149999999998,0.009999999999990905,0.05763306754878441,0.9999999999990905
2026-06-21 16:00:00.157193+08:00,orderly,1731.43,1731.44,1731.435,0.009999999999990905,0.057755561138540606,0.9999999999990905
2026-06-21 17:00:00.962184+08:00,orderly,1728.51,1728.52,1728.5149999999999,0.009999999999990905,0.057853128263225403,0.9999999999990905
2026-06-21 18:00:02.161071+08:00,orderly,1732.16,1732.17,1732.165,0.009999999999990905,0.05773122075547598,0.9999999999990905
2026-06-21 19:00:03.952378+08:00,orderly,1730.56,1730.8,1730.6799999999998,0.2400000000000091,1.3867381607230054,24.00000000000091
2026-06-21 20:00:00.153862+08:00,orderly,1724.61,1724.62,1724.6149999999998,0.009999999999990905,0.05798395583936651,0.9999999999990905
2026-06-21 21:00:00.352511+08:00,orderly,1724.97,1724.98,1724.975,0.009999999999990905,0.05797185466450763,0.9999999999990905
2026-06-21 22:00:00.550906+08:00,orderly,1724.23,1724.24,1724.2350000000001,0.009999999999990905,0.057996734783778925,0.9999999999990905
2026-06-21 23:00:00.560449+08:00,orderly,1727.49,1727.5,1727.495,0.009999999999990905,0.057887287662140297,0.9999999999990905
2026-06-22 00:00:00.953817+08:00,orderly,1729.69,1729.7,1729.6950000000002,0.009999999999990905,0.05781366078985546,0.9999999999990905
2026-06-22 01:00:00.353933+08:00,orderly,1727.05,1727.06,1727.0549999999998,0.009999999999990905,0.057902035546006966,0.9999999999990905
2026-06-22 02:00:02.553601+08:00,orderly,1726.28,1726.29,1726.2849999999999,0.009999999999990905,0.05792786243285962,0.9999999999990905
2026-06-22 03:00:00.952470+08:00,orderly,1734.35,1734.36,1734.355,0.009999999999990905,0.05765832254636972,0.9999999999990905
2026-06-22 04:00:00.751293+08:00,orderly,1733.06,1733.07,1733.065,0.009999999999990905,0.05770124028810752,0.9999999999990905
2026-06-22 05:00:00.761169+08:00,orderly,1720.56,1720.57,1720.565,0.009999999999990905,0.058120442993963635,0.9999999999990905
2026-06-22 06:00:00.357088+08:00,orderly,1717.43,1717.44,1717.435,0.009999999999990905,0.05822636664555517,0.9999999999990905
2026-06-22 07:00:01.570746+08:00,orderly,1716.77,1716.78,1716.775,0.009999999999990905,0.05824875129234119,0.9999999999990905
2026-06-22 08:00:00.965006+08:00,orderly,1706.23,1706.24,1706.2350000000001,0.009999999999990905,0.058608573848214954,0.9999999999990905
2026-06-22 09:00:00.963035+08:00,orderly,1726.84,1726.85,1726.8449999999998,0.009999999999990905,0.057909076958215164,0.9999999999990905
2026-06-22 10:00:00.958945+08:00,orderly,1742.82,1742.83,1742.8249999999998,0.009999999999990905,0.05737810738307579,0.9999999999990905
2026-06-22 11:00:00.791941+08:00,orderly,1736.56,1736.57,1736.565,0.009999999999990905,0.05758494499192892,0.9999999999990905
2026-06-22 12:00:00.985599+08:00,orderly,1729.57,1729.58,1729.5749999999998,0.009999999999990905,0.05781767197138549,0.9999999999990905
2026-06-22 13:00:00.171863+08:00,orderly,1734.36,1734.37,1734.3649999999998,0.009999999999990905,0.05765799010007067,0.9999999999990905
2026-06-22 14:00:00.971400+08:00,orderly,1736.23,1736.24,1736.2350000000001,0.009999999999990905,0.05759588995724026,0.9999999999990905
2026-06-22 15:00:00.759399+08:00,orderly,1734.46,1734.47,1734.4650000000001,0.009999999999990905,0.05765466584791797,0.9999999999990905
2026-06-22 16:00:00.959588+08:00,orderly,1745.97,1745.98,1745.975,0.009999999999990905,0.057274588696807835,0.9999999999990905
2026-06-22 17:00:00.560516+08:00,orderly,1747.28,1747.29,1747.2849999999999,0.009999999999990905,0.05723164795663504,0.9999999999990905
2026-06-22 18:00:01.760280+08:00,orderly,1745.81,1745.82,1745.815,0.009999999999990905,0.0572798377834473,0.9999999999990905
2026-06-22 19:00:00.161404+08:00,orderly,1748.36,1748.37,1748.3649999999998,0.009999999999990905,0.05719629482396928,0.9999999999990905
2026-06-22 20:00:00.960166+08:00,orderly,1767.09,1767.1,1767.0949999999998,0.009999999999990905,0.056590053166303486,0.9999999999990905
2026-06-22 21:00:00.160817+08:00,orderly,1763.42,1763.43,1763.4250000000002,0.009999999999990905,0.056707827097783596,0.9999999999990905
2026-06-22 22:00:00.179178+08:00,orderly,1776.92,1776.93,1776.9250000000002,0.009999999999990905,0.05627699537116594,0.9999999999990905
2026-06-22 23:00:00.759101+08:00,orderly,1754.07,1754.08,1754.0749999999998,0.009999999999990905,0.0570101050410667,0.9999999999990905
2026-06-23 00:00:00.160128+08:00,orderly,1744.35,1744.36,1744.355,0.009999999999990905,0.05732778018230753,0.9999999999990905
2026-06-23 01:00:01.163283+08:00,orderly,1739.35,1739.36,1739.355,0.009999999999990905,0.05749257627103671,0.9999999999990905
2026-06-23 02:00:00.974591+08:00,orderly,1740.61,1740.62,1740.6149999999998,0.009999999999990905,0.057450958425561686,0.9999999999990905
2026-06-23 03:00:00.559256+08:00,orderly,1733.33,1733.34,1733.335,0.009999999999990905,0.05769225221893578,0.9999999999990905
2026-06-23 04:00:00.765995+08:00,orderly,1733.77,1733.78,1733.775,0.009999999999990905,0.057677610993300196,0.9999999999990905
2026-06-23 05:00:00.359989+08:00,orderly,1733.84,1733.85,1733.8449999999998,0.009999999999990905,0.05767528239254897,0.9999999999990905
2026-06-23 06:00:01.166205+08:00,orderly,1732.1,1732.11,1732.105,0.009999999999990905,0.05773322056105666,0.9999999999990905
2026-06-23 07:00:00.165640+08:00,orderly,1723.55,1723.56,1723.5549999999998,0.009999999999990905,0.058019616432263006,0.9999999999990905
2026-06-23 08:00:00.963608+08:00,orderly,1727.4,1727.41,1727.4050000000002,0.009999999999990905,0.05789030366353521,0.9999999999990905
2026-06-23 09:00:00.361943+08:00,orderly,1730.28,1730.29,1730.2849999999999,0.009999999999990905,0.057793947239853004,0.9999999999990905
2026-06-23 10:00:00.764617+08:00,orderly,1730.09,1730.1,1730.0949999999998,0.009999999999990905,0.05780029420344494,0.9999999999990905
2026-06-23 11:00:00.563663+08:00,orderly,1732.11,1732.12,1732.1149999999998,0.009999999999990905,0.05773288725050535,0.9999999999990905
2026-06-23 12:00:01.971184+08:00,orderly,1729.42,1729.43,1729.4250000000002,0.009999999999990905,0.05782268673108637,0.9999999999990905
2026-06-23 13:00:00.361600+08:00,orderly,1718.69,1718.7,1718.6950000000002,0.009999999999990905,0.05818368005952716,0.9999999999990905
2026-06-23 14:00:00.765652+08:00,orderly,1712.39,1712.4,1712.395,0.009999999999990905,0.05839774117531823,0.9999999999990905
2026-06-23 15:00:00.776312+08:00,orderly,1690.74,1690.75,1690.745,0.009999999999990905,0.05914552460596308,0.9999999999990905
2026-06-23 16:00:00.764013+08:00,orderly,1681.26,1681.27,1681.2649999999999,0.009999999999990905,0.05947902323542633,0.9999999999990905
2026-06-23 17:00:00.562876+08:00,orderly,1646.16,1646.17,1646.165,0.009999999999990905,0.06074725194613483,0.9999999999990905
2026-06-23 18:00:00.377124+08:00,orderly,1648.81,1648.82,1648.815,0.009999999999990905,0.060649618058975105,0.9999999999990905
2026-06-23 19:00:00.571272+08:00,orderly,1650.46,1650.47,1650.4650000000001,0.009999999999990905,0.0605889855282657,0.9999999999990905
2026-06-23 20:00:00.955283+08:00,orderly,1658.66,1658.67,1658.665,0.009999999999990905,0.06028944964770406,0.9999999999990905
2026-06-23 21:00:00.965199+08:00,orderly,1652.88,1652.89,1652.8850000000002,0.009999999999990905,0.06050027678871128,0.9999999999990905
2026-06-23 22:00:00.351609+08:00,orderly,1660.91,1660.92,1660.915,0.009999999999990905,0.060207777038505314,0.9999999999990905
2026-06-23 23:00:00.365687+08:00,orderly,1660.29,1660.5,1660.395,0.21000000000003638,1.2647592892054986,21.000000000003638
2026-06-24 00:00:00.552963+08:00,orderly,1657.57,1657.58,1657.5749999999998,0.009999999999990905,0.060329095214339656,0.9999999999990905
2026-06-24 01:00:00.377145+08:00,orderly,1657.32,1657.33,1657.3249999999998,0.009999999999990905,0.06033819558620612,0.9999999999990905
2026-06-24 02:00:00.353839+08:00,orderly,1654.98,1654.99,1654.9850000000001,0.009999999999990905,0.06042350837011154,0.9999999999990905
2026-06-24 03:00:01.354887+08:00,orderly,1653.46,1653.47,1653.4650000000001,0.009999999999990905,0.06047905459136362,0.9999999999990905
2026-06-24 04:00:00.940364+08:00,orderly,1660.95,1661.26,1661.105,0.30999999999994543,1.8662276015058978,30.999999999994543
2026-06-24 05:00:00.939552+08:00,orderly,1662.13,1662.14,1662.1350000000002,0.009999999999990905,0.06016358478698122,0.9999999999990905
2026-06-24 06:00:00.939183+08:00,orderly,1664.75,1664.76,1664.755,0.009999999999990905,0.060068899027129544,0.9999999999990905
2026-06-24 07:00:00.937343+08:00,orderly,1662.49,1662.5,1662.495,0.009999999999990905,0.06015055684372528,0.9999999999990905
2026-06-24 08:00:00.339327+08:00,orderly,1665.19,1665.2,1665.1950000000002,0.009999999999990905,0.06005302682262981,0.9999999999990905
2026-06-24 09:00:00.371925+08:00,orderly,1669.62,1669.63,1669.625,0.010000000000218279,0.059893688703860325,1.0000000000218279
2026-06-24 10:00:00.339053+08:00,orderly,1670.73,1670.74,1670.7350000000001,0.009999999999990905,0.059853896638251455,0.9999999999990905
2026-06-24 11:00:00.340119+08:00,orderly,1662.25,1662.26,1662.255,0.009999999999990905,0.06015924151222829,0.9999999999990905
2026-06-24 12:00:00.938972+08:00,orderly,1664.87,1664.88,1664.875,0.010000000000218279,0.06006456941342911,1.0000000000218279
2026-06-24 13:00:01.340423+08:00,orderly,1666.92,1666.93,1666.9250000000002,0.009999999999990905,0.05999070144122203,0.9999999999990905
2026-06-24 14:00:00.941333+08:00,orderly,1672.53,1672.54,1672.5349999999999,0.009999999999990905,0.05978948123651168,0.9999999999990905
2026-06-24 15:00:00.741516+08:00,orderly,1672.79,1672.8,1672.795,0.009999999999990905,0.05978018824775842,0.9999999999990905
2026-06-24 16:00:00.740633+08:00,orderly,1671.43,1671.44,1671.435,0.009999999999990905,0.05982882971812189,0.9999999999990905
2026-06-24 17:00:00.539924+08:00,orderly,1671.33,1671.34,1671.335,0.009999999999990905,0.05983240942115677,0.9999999999990905
2026-06-24 18:00:00.538774+08:00,orderly,1665.18,1665.19,1665.185,0.009999999999990905,0.06005338746139862,0.9999999999990905
2026-06-24 19:00:00.736804+08:00,orderly,1661.84,1661.85,1661.8449999999998,0.009999999999990905,0.06017408362386929,0.9999999999990905
2026-06-24 20:00:00.541280+08:00,orderly,1677.42,1677.43,1677.4250000000002,0.009999999999990905,0.059615183987307356,0.9999999999990905
2026-06-24 21:00:00.760127+08:00,orderly,1669.35,1669.36,1669.355,0.009999999999990905,0.05990337585469181,0.9999999999990905
2026-06-24 22:00:00.545032+08:00,orderly,1643.0,1643.01,1643.005,0.009999999999990905,0.06086408744946548,0.9999999999990905
2026-06-24 23:00:00.345939+08:00,orderly,1645.62,1645.63,1645.625,0.010000000000218279,0.06076718572103777,1.0000000000218279
2026-06-25 00:00:00.148258+08:00,orderly,1616.09,1616.1,1616.0949999999998,0.009999999999990905,0.06187755051522903,0.9999999999990905
2026-06-25 01:00:00.343500+08:00,orderly,1587.99,1588.0,1587.995,0.009999999999990905,0.06297249046748199,0.9999999999990905
2026-06-25 02:00:00.346988+08:00,orderly,1558.29,1558.45,1558.37,0.16000000000008185,1.0267138099429651,16.000000000008185
2026-06-25 03:00:00.349662+08:00,orderly,1569.95,1569.96,1569.955,0.009999999999990905,0.06369609320006564,0.9999999999990905
2026-06-25 04:00:00.347341+08:00,orderly,1582.28,1582.29,1582.2849999999999,0.009999999999990905,0.0631997396170153,0.9999999999990905
2026-06-25 05:00:00.749160+08:00,orderly,1611.25,1611.26,1611.255,0.009999999999990905,0.062063422611510315,0.9999999999990905
2026-06-25 06:00:00.949473+08:00,orderly,1618.67,1618.68,1618.6750000000002,0.009999999999990905,0.061778924119980254,0.9999999999990905
2026-06-25 07:00:01.350351+08:00,orderly,1613.27,1613.28,1613.275,0.009999999999990905,0.06198571229326001,0.9999999999990905
2026-06-25 08:00:00.349161+08:00,orderly,1620.09,1620.1,1620.0949999999998,0.009999999999990905,0.06172477539891738,0.9999999999990905
2026-06-25 09:00:00.357215+08:00,orderly,1616.72,1616.73,1616.725,0.009999999999990905,0.061853438277944026,0.9999999999990905
2026-06-25 10:00:00.144469+08:00,orderly,1618.35,1618.36,1618.355,0.009999999999990905,0.0617911397684124,0.9999999999990905
2026-06-25 11:00:00.749939+08:00,orderly,1618.4,1618.41,1618.4050000000002,0.009999999999990905,0.06178923075491551,0.9999999999990905
2026-06-25 12:00:00.145447+08:00,orderly,1617.0,1617.01,1617.005,0.009999999999990905,0.06184272775897975,0.9999999999990905
2026-06-25 13:00:00.950795+08:00,orderly,1632.33,1632.34,1632.335,0.009999999999990905,0.06126193459057672,0.9999999999990905
2026-06-25 14:00:00.350412+08:00,orderly,1643.51,1643.52,1643.5149999999999,0.009999999999990905,0.060845200682627824,0.9999999999990905
2026-06-25 15:00:00.554888+08:00,orderly,1651.73,1651.74,1651.7350000000001,0.009999999999990905,0.0605423993557738,0.9999999999990905
2026-06-25 16:00:00.949306+08:00,orderly,1655.3,1655.31,1655.3049999999998,0.009999999999990905,0.060411827427518834,0.9999999999990905
2026-06-25 17:00:01.351990+08:00,orderly,1651.13,1651.14,1651.1350000000002,0.009999999999990905,0.060564399640192376,0.9999999999990905
2026-06-25 18:00:00.350527+08:00,orderly,1646.72,1646.73,1646.725,0.009999999999990905,0.06072659369348802,0.9999999999990905
2026-06-25 19:00:01.754333+08:00,orderly,1634.92,1634.93,1634.9250000000002,0.009999999999990905,0.061164885239328434,0.9999999999990905
2026-06-25 20:00:00.952848+08:00,orderly,1631.41,1631.42,1631.415,0.009999999999990905,0.06129648188836627,0.9999999999990905
2026-06-25 21:00:00.941673+08:00,orderly,1633.07,1633.08,1633.0749999999998,0.009999999999990905,0.06123417479289626,0.9999999999990905
2026-06-25 22:00:00.348678+08:00,orderly,1536.45,1536.54,1536.495,0.08999999999991815,0.5857487333178315,8.999999999991815
2026-06-25 23:00:00.948487+08:00,orderly,1566.93,1566.94,1566.935,0.009999999999990905,0.06381885655748902,0.9999999999990905
2026-06-26 00:00:00.149438+08:00,orderly,1568.86,1568.87,1568.8649999999998,0.009999999999990905,0.0637403473210946,0.9999999999990905
2026-06-26 01:00:00.746800+08:00,orderly,1560.78,1560.79,1560.7849999999999,0.009999999999990905,0.06407032358711101,0.9999999999990905
2026-06-26 02:00:00.758098+08:00,orderly,1573.87,1573.88,1573.875,0.010000000000218279,0.06353744738443827,1.0000000000218279
2026-06-26 03:00:00.152563+08:00,orderly,1565.79,1565.8,1565.795,0.009999999999990905,0.06386532081141467,0.9999999999990905
2026-06-26 04:00:00.346455+08:00,orderly,1558.41,1558.42,1558.415,0.009999999999990905,0.06416776019218824,0.9999999999990905
2026-06-26 05:00:00.746439+08:00,orderly,1559.08,1559.09,1559.085,0.009999999999990905,0.06414018478781404,0.9999999999990905
2026-06-26 06:00:00.946442+08:00,orderly,1579.49,1579.5,1579.495,0.009999999999990905,0.06331137483810273,0.9999999999990905
2026-06-26 07:00:00.749132+08:00,orderly,1568.66,1568.67,1568.665,0.009999999999990905,0.06374847402084514,0.9999999999990905
2026-06-26 08:00:00.951306+08:00,orderly,1566.57,1566.58,1566.5749999999998,0.009999999999990905,0.06383352217411171,0.9999999999990905
2026-06-26 09:00:00.753191+08:00,orderly,1563.08,1563.09,1563.085,0.009999999999990905,0.06397604736780729,0.9999999999990905
2026-06-26 10:00:00.547652+08:00,orderly,1559.45,1559.46,1559.455,0.009999999999990905,0.0641249667351152,0.9999999999990905
2026-06-26 11:00:00.183332+08:00,orderly,1523.43,1523.44,1523.435,0.009999999999990905,0.06564113335974889,0.9999999999990905
2026-06-26 12:00:00.347487+08:00,orderly,1556.34,1556.35,1556.3449999999998,0.009999999999990905,0.06425310583444485,0.9999999999990905
2026-06-26 13:00:00.142287+08:00,orderly,1548.35,1548.36,1548.355,0.009999999999990905,0.06458467211970707,0.9999999999990905
2026-06-26 14:00:01.147437+08:00,orderly,1554.09,1554.1,1554.0949999999998,0.009999999999990905,0.06434613070623679,0.9999999999990905
2026-06-26 15:00:00.546930+08:00,orderly,1569.47,1569.48,1569.475,0.009999999999990905,0.06371557367903857,0.9999999999990905
2026-06-26 16:00:00.169114+08:00,orderly,1578.9,1578.91,1578.9050000000002,0.009999999999990905,0.06333503282332315,0.9999999999990905
2026-06-26 17:00:00.962151+08:00,orderly,1565.42,1565.43,1565.4250000000002,0.009999999999990905,0.06388041586144914,0.9999999999990905
2026-06-26 18:00:00.361424+08:00,orderly,1551.48,1551.49,1551.4850000000001,0.009999999999990905,0.06445437758013067,0.9999999999990905
2026-06-26 19:00:00.353809+08:00,orderly,1546.77,1546.78,1546.775,0.009999999999990905,0.06465064408198287,0.9999999999990905
2026-06-26 20:00:01.348272+08:00,orderly,1543.73,1543.74,1543.7350000000001,0.009999999999990905,0.06477795735661175,0.9999999999990905
2026-06-26 21:00:00.351413+08:00,orderly,1534.92,1534.93,1534.9250000000002,0.009999999999990905,0.06514976301767776,0.9999999999990905
2026-06-26 22:00:00.951232+08:00,orderly,1567.16,1567.33,1567.245,0.16999999999984539,1.084705964924727,16.99999999998454
2026-06-26 23:00:00.359246+08:00,orderly,1558.42,1558.43,1558.4250000000002,0.009999999999990905,0.06416734844468552,0.9999999999990905
2026-06-27 00:00:00.956854+08:00,orderly,1578.99,1579.0,1578.995,0.009999999999990905,0.06333142283535353,0.9999999999990905
2026-06-27 01:00:00.349918+08:00,orderly,1576.19,1576.2,1576.1950000000002,0.009999999999990905,0.06344392667145185,0.9999999999990905
2026-06-27 02:00:00.353745+08:00,orderly,1580.42,1580.43,1580.4250000000002,0.009999999999990905,0.0632741193032944,0.9999999999990905
2026-06-27 03:00:00.360478+08:00,orderly,1571.85,1572.26,1572.0549999999998,0.41000000000008185,2.6080512450269353,41.000000000008185
2026-06-27 04:00:00.548635+08:00,orderly,1573.71,1573.72,1573.7150000000001,0.009999999999990905,0.06354390725125518,0.9999999999990905
2026-06-27 05:00:00.563685+08:00,orderly,1569.19,1569.2,1569.1950000000002,0.009999999999990905,0.06372694279545184,0.9999999999990905
2026-06-27 06:00:00.551489+08:00,orderly,1573.61,1573.62,1573.6149999999998,0.009999999999990905,0.06354794533599964,0.9999999999990905
2026-06-27 07:00:00.759289+08:00,orderly,1576.43,1576.44,1576.435,0.009999999999990905,0.0634342678257645,0.9999999999990905
2026-06-27 08:00:00.956249+08:00,orderly,1577.24,1577.25,1577.245,0.009999999999990905,0.06340169092303925,0.9999999999990905
2026-06-27 09:00:00.351324+08:00,orderly,1575.5,1575.51,1575.505,0.009999999999990905,0.06347171224458764,0.9999999999990905
2026-06-27 10:00:00.554433+08:00,orderly,1574.29,1574.3,1574.295,0.009999999999990905,0.06352049647614268,0.9999999999990905
2026-06-27 11:00:00.375128+08:00,orderly,1581.48,1581.49,1581.4850000000001,0.009999999999990905,0.06323170943759128,0.9999999999990905
2026-06-27 12:00:00.152843+08:00,orderly,1579.08,1579.09,1579.085,0.009999999999990905,0.06332781325888667,0.9999999999990905
2026-06-27 13:00:00.549521+08:00,orderly,1578.0,1578.01,1578.005,0.009999999999990905,0.06337115535116114,0.9999999999990905
2026-06-27 14:00:01.950440+08:00,orderly,1577.0,1577.01,1577.005,0.009999999999990905,0.06341133984984768,0.9999999999990905
2026-06-27 15:00:01.761443+08:00,orderly,1581.59,1581.6,1581.5949999999998,0.009999999999990905,0.06322731166949128,0.9999999999990905
2026-06-27 16:00:00.761309+08:00,orderly,1583.95,1583.96,1583.955,0.009999999999990905,0.06313310668542292,0.9999999999990905
2026-06-27 17:00:01.953256+08:00,orderly,1582.17,1582.18,1582.1750000000002,0.009999999999990905,0.0632041335502767,0.9999999999990905
2026-06-27 18:00:00.359092+08:00,orderly,1581.14,1581.15,1581.145,0.009999999999990905,0.0632453064076407,0.9999999999990905
2026-06-27 19:00:00.555384+08:00,orderly,1582.5,1582.51,1582.505,0.009999999999990905,0.06319095358302758,0.9999999999990905
2026-06-27 20:00:00.354190+08:00,orderly,1582.43,1582.44,1582.435,0.009999999999990905,0.06319374887430387,0.9999999999990905
2026-06-27 21:00:00.755745+08:00,orderly,1584.24,1584.25,1584.245,0.009999999999990905,0.06312155001272471,0.9999999999990905
2026-06-27 22:00:00.354915+08:00,orderly,1590.94,1590.95,1590.9450000000002,0.009999999999990905,0.06285572411359855,0.9999999999990905
2026-06-27 23:00:02.070248+08:00,orderly,1593.04,1593.05,1593.045,0.009999999999990905,0.06277286580097174,0.9999999999990905
2026-06-28 00:00:00.345943+08:00,orderly,1603.67,1603.68,1603.6750000000002,0.009999999999990905,0.06235677428400957,0.9999999999990905
2026-06-28 01:00:00.742660+08:00,orderly,1605.09,1605.1,1605.0949999999998,0.009999999999990905,0.06230160831596202,0.9999999999990905
2026-06-28 02:00:00.753029+08:00,orderly,1589.33,1589.34,1589.335,0.009999999999990905,0.0629193971062797,0.9999999999990905
2026-06-28 03:00:00.157715+08:00,orderly,1592.37,1592.38,1592.375,0.010000000000218279,0.06279927780967598,1.0000000000218279
2026-06-28 04:00:01.360797+08:00,orderly,1577.1,1577.11,1577.105,0.009999999999990905,0.06340731910678683,0.9999999999990905
2026-06-28 05:00:00.555055+08:00,orderly,1580.26,1580.27,1580.2649999999999,0.009999999999990905,0.06328052573455026,0.9999999999990905
2026-06-28 06:00:00.551875+08:00,orderly,1573.31,1573.32,1573.315,0.009999999999990905,0.06356006267016398,0.9999999999990905
2026-06-28 07:00:04.353181+08:00,orderly,1577.56,1577.57,1577.565,0.009999999999990905,0.06338883025416325,0.9999999999990905
2026-06-28 08:00:00.548608+08:00,orderly,1572.44,1572.45,1572.4450000000002,0.009999999999990905,0.06359522908585613,0.9999999999990905
2026-06-28 09:00:00.376184+08:00,orderly,1573.52,1573.53,1573.525,0.009999999999990905,0.06355158005110122,0.9999999999990905
2026-06-28 10:00:02.764906+08:00,orderly,1573.56,1573.57,1573.565,0.009999999999990905,0.06354996457083695,0.9999999999990905
2026-06-28 11:00:02.359315+08:00,orderly,1570.63,1570.64,1570.6350000000002,0.009999999999990905,0.06366851623700544,0.9999999999990905
2026-06-28 12:00:01.353081+08:00,orderly,1573.8,1573.81,1573.8049999999998,0.009999999999990905,0.06354027341373872,0.9999999999990905
2026-06-28 13:00:02.555748+08:00,orderly,1572.94,1572.95,1572.9450000000002,0.009999999999990905,0.0635750137480389,0.9999999999990905
2026-06-28 14:00:00.952296+08:00,orderly,1567.64,1567.65,1567.645,0.009999999999990905,0.06378995244453244,0.9999999999990905
2026-06-28 15:00:00.355040+08:00,orderly,1566.39,1566.4,1566.395,0.009999999999990905,0.06384085751034002,0.9999999999990905
2026-06-28 16:00:03.752372+08:00,orderly,1574.26,1574.27,1574.2649999999999,0.009999999999990905,0.06352170695525154,0.9999999999990905
2026-06-28 17:00:00.366183+08:00,orderly,1580.01,1580.02,1580.0149999999999,0.009999999999990905,0.06329053838090717,0.9999999999990905
2026-06-28 18:00:00.148881+08:00,orderly,1577.56,1577.57,1577.565,0.009999999999990905,0.06338883025416325,0.9999999999990905
2026-06-28 19:00:00.964684+08:00,orderly,1575.79,1575.8,1575.795,0.009999999999990905,0.0634600312857377,0.9999999999990905
2026-06-28 20:00:00.357858+08:00,orderly,1581.34,1581.35,1581.3449999999998,0.009999999999990905,0.06323730748186453,0.9999999999990905
2026-06-28 21:00:00.561681+08:00,orderly,1581.97,1581.98,1581.975,0.009999999999990905,0.06321212408534209,0.9999999999990905
2026-06-28 22:00:00.555482+08:00,orderly,1578.01,1578.02,1578.0149999999999,0.009999999999990905,0.063370753763373,0.9999999999990905
2026-06-28 23:00:00.354571+08:00,orderly,1579.86,1579.87,1579.8649999999998,0.009999999999990905,0.06329654748975962,0.9999999999990905
2026-06-29 00:00:00.953681+08:00,orderly,1580.16,1580.17,1580.165,0.009999999999990905,0.06328453041290565,0.9999999999990905
2026-06-29 01:00:00.954505+08:00,orderly,1571.41,1571.42,1571.415,0.009999999999990905,0.06363691322782909,0.9999999999990905
2026-06-29 02:00:00.950315+08:00,orderly,1570.92,1570.93,1570.9250000000002,0.009999999999990905,0.0636567627352732,0.9999999999990905
2026-06-29 03:00:00.348645+08:00,orderly,1570.43,1570.44,1570.435,0.009999999999990905,0.06367662462942372,0.9999999999990905
2026-06-29 04:00:02.156204+08:00,orderly,1563.12,1563.13,1563.125,0.010000000000218279,0.06397441023730206,1.0000000000218279
2026-06-29 05:00:00.757588+08:00,orderly,1571.66,1571.67,1571.665,0.009999999999990905,0.06362679069643279,0.9999999999990905
2026-06-29 06:00:00.360298+08:00,orderly,1562.77,1562.99,1562.88,0.22000000000002728,1.4076576576578321,22.00000000000273
2026-06-29 07:00:00.948074+08:00,orderly,1554.82,1554.83,1554.8249999999998,0.009999999999990905,0.06431591979798952,0.9999999999990905
2026-06-29 08:00:00.958594+08:00,orderly,1570.47,1570.48,1570.475,0.009999999999990905,0.06367500278572347,0.9999999999990905
2026-06-29 09:00:00.152072+08:00,orderly,1571.58,1571.59,1571.585,0.009999999999990905,0.06363002955609086,0.9999999999990905
2026-06-29 10:00:00.544921+08:00,orderly,1566.79,1566.8,1566.795,0.009999999999990905,0.0638245590520196,0.9999999999990905
2026-06-29 11:00:00.747692+08:00,orderly,1575.22,1575.23,1575.225,0.009999999999990905,0.0634829944927925,0.9999999999990905
2026-06-29 12:00:01.348475+08:00,orderly,1583.07,1583.08,1583.0749999999998,0.009999999999990905,0.06316820112749495,0.9999999999990905
2026-06-29 13:00:00.745615+08:00,orderly,1574.12,1574.13,1574.125,0.010000000000218279,0.06352735646926565,1.0000000000218279
2026-06-29 14:00:01.032247+08:00,orderly,1581.62,1581.63,1581.625,0.010000000000218279,0.06322611238579486,1.0000000000218279
2026-06-29 15:00:00.345119+08:00,orderly,1581.26,1581.27,1581.2649999999999,0.009999999999990905,0.06324050680936406,0.9999999999990905
2026-06-29 16:00:01.147281+08:00,orderly,1578.49,1578.5,1578.495,0.009999999999990905,0.06335148353330802,0.9999999999990905
2026-06-29 17:00:00.346861+08:00,orderly,1571.85,1571.86,1571.855,0.009999999999990905,0.06361909972606192,0.9999999999990905
2026-06-29 18:00:00.346629+08:00,orderly,1574.46,1574.47,1574.4650000000001,0.009999999999990905,0.06351363796585446,0.9999999999990905
2026-06-29 19:00:00.346523+08:00,orderly,1576.59,1576.6,1576.5949999999998,0.009999999999990905,0.06342783022901193,0.9999999999990905
2026-06-29 20:00:00.363255+08:00,orderly,1572.99,1573.0,1572.995,0.009999999999990905,0.06357299292108942,0.9999999999990905
2026-06-29 21:00:00.750166+08:00,orderly,1574.76,1574.77,1574.7649999999999,0.009999999999990905,0.06350153832470816,0.9999999999990905
2026-06-29 22:00:00.547370+08:00,orderly,1571.54,1571.55,1571.545,0.009999999999990905,0.06363164910957628,0.9999999999990905
2026-06-29 23:00:00.148114+08:00,orderly,1570.6,1570.95,1570.775,0.3500000000001364,2.2281994556835727,35.00000000001364
2026-06-30 00:00:00.363566+08:00,orderly,1577.57,1577.58,1577.5749999999998,0.009999999999990905,0.0633884284423302,0.9999999999990905
2026-06-30 01:00:00.347769+08:00,orderly,1583.08,1583.09,1583.085,0.009999999999990905,0.06316780210785211,0.9999999999990905
2026-06-30 02:00:00.948777+08:00,orderly,1626.4,1626.41,1626.4050000000002,0.009999999999990905,0.06148530040175051,0.9999999999990905
2026-06-30 03:00:00.546381+08:00,orderly,1619.7,1619.71,1619.705,0.009999999999990905,0.06173963777348904,0.9999999999990905
2026-06-30 04:00:00.346587+08:00,orderly,1623.89,1623.9,1623.895,0.009999999999990905,0.06158033616699913,0.9999999999990905
2026-06-30 05:00:00.744555+08:00,orderly,1616.13,1616.14,1616.1350000000002,0.009999999999990905,0.061876019020631966,0.9999999999990905
2026-06-30 06:00:00.749804+08:00,orderly,1618.39,1618.4,1618.395,0.009999999999990905,0.06178961254817832,0.9999999999990905
2026-06-30 07:00:00.358171+08:00,orderly,1611.45,1611.46,1611.455,0.009999999999990905,0.06205571983077967,0.9999999999990905
2026-06-30 08:00:00.146077+08:00,orderly,1611.54,1611.55,1611.545,0.009999999999990905,0.062052254203208125,0.9999999999990905
2026-06-30 09:00:00.348549+08:00,orderly,1593.07,1593.08,1593.0749999999998,0.009999999999990905,0.06277168369342878,0.9999999999990905
2026-06-30 10:00:00.543891+08:00,orderly,1592.49,1592.5,1592.495,0.009999999999990905,0.06279454566570636,0.9999999999990905
2026-06-30 11:00:00.356952+08:00,orderly,1589.09,1589.1,1589.0949999999998,0.009999999999990905,0.06292889978252342,0.9999999999990905
2026-06-30 12:00:01.543948+08:00,orderly,1585.51,1585.52,1585.5149999999999,0.009999999999990905,0.06307098955223323,0.9999999999990905
2026-06-30 13:00:00.147269+08:00,orderly,1586.38,1586.39,1586.3850000000002,0.009999999999990905,0.06303640036933596,0.9999999999990905
2026-06-30 14:00:00.603046+08:00,orderly,1590.0,1590.01,1590.005,0.009999999999990905,0.06289288398458436,0.9999999999990905
2026-06-30 15:00:00.953535+08:00,orderly,1592.09,1592.1,1592.0949999999998,0.009999999999990905,0.06281032224830117,0.9999999999990905
2026-06-30 16:00:00.749476+08:00,orderly,1590.77,1590.78,1590.775,0.009999999999990905,0.06286244126284928,0.9999999999990905
2026-06-30 17:00:00.546080+08:00,orderly,1582.38,1582.39,1582.3850000000002,0.009999999999990905,0.06319574566234452,0.9999999999990905
2026-06-30 18:00:01.151582+08:00,orderly,1584.06,1584.07,1584.065,0.009999999999990905,0.06312872262180469,0.9999999999990905
2026-06-30 19:00:00.758810+08:00,orderly,1582.89,1582.9,1582.895,0.009999999999990905,0.06317538434318704,0.9999999999990905
2026-06-30 20:00:00.558140+08:00,orderly,1577.05,1577.06,1577.0549999999998,0.009999999999990905,0.06340932941457911,0.9999999999990905
2026-06-30 21:00:00.557438+08:00,orderly,1551.37,1551.38,1551.375,0.010000000000218279,0.06445894770908567,1.0000000000218279
2026-06-30 22:00:00.160839+08:00,orderly,1565.6,1565.61,1565.605,0.009999999999990905,0.06387307143239135,0.9999999999990905
2026-06-30 23:00:00.957053+08:00,orderly,1561.49,1561.5,1561.495,0.009999999999990905,0.06404119129418222,0.9999999999990905
2026-07-01 00:00:00.751393+08:00,orderly,1563.7,1563.71,1563.705,0.009999999999990905,0.06395068123457369,0.9999999999990905
2026-07-01 01:00:00.548637+08:00,orderly,1570.67,1570.68,1570.6750000000002,0.009999999999990905,0.06366689480631514,0.9999999999990905
2026-07-01 02:00:00.951825+08:00,orderly,1569.58,1569.59,1569.585,0.009999999999990905,0.06371110835023847,0.9999999999990905
2026-07-01 03:00:00.568336+08:00,orderly,1577.12,1577.13,1577.125,0.010000000000218279,0.06340651502080227,1.0000000000218279
2026-07-01 04:00:00.557560+08:00,orderly,1578.42,1578.43,1578.4250000000002,0.009999999999990905,0.06335429304522486,0.9999999999990905
2026-07-01 05:00:00.611486+08:00,orderly,1574.5,1574.51,1574.505,0.009999999999990905,0.06351202441396442,0.9999999999990905
2026-07-01 06:00:00.551619+08:00,orderly,1570.09,1570.3,1570.195,0.21000000000003638,1.3374135059660512,21.000000000003638
2026-07-01 07:00:00.564065+08:00,orderly,1565.94,1565.95,1565.9450000000002,0.009999999999990905,0.06385920322866323,0.9999999999990905
2026-06-17 08:00:00.794976+08:00,hyperliquid,1792.7,1792.8,1792.75,0.09999999999990905,0.557802259098642,0.9999999999990905
2026-06-17 09:00:02.378846+08:00,hyperliquid,1793.7,1793.8,1793.75,0.09999999999990905,0.5574912891980992,0.9999999999990905
2026-06-17 10:00:00.147332+08:00,hyperliquid,1797.3,1797.4,1797.35,0.10000000000013642,0.5563746626986198,1.0000000000013642
2026-06-17 11:00:00.163874+08:00,hyperliquid,1795.6,1795.7,1795.65,0.10000000000013642,0.5569014006077823,1.0000000000013642
2026-06-17 12:00:02.150792+08:00,hyperliquid,1793.4,1793.5,1793.45,0.09999999999990905,0.5575845437559399,0.9999999999990905
2026-06-17 13:00:00.371424+08:00,hyperliquid,1793.7,1793.8,1793.75,0.09999999999990905,0.5574912891980992,0.9999999999990905
2026-06-17 14:00:02.101150+08:00,hyperliquid,1793.8,1793.9,1793.85,0.10000000000013642,0.5574602112781806,1.0000000000013642
2026-06-17 15:00:00.604527+08:00,hyperliquid,1790.1,1790.2,1790.15,0.10000000000013642,0.5586124067823167,1.0000000000013642
2026-06-17 16:00:00.275483+08:00,hyperliquid,1784.8,1784.9,1784.85,0.10000000000013642,0.5602711712476479,1.0000000000013642
2026-06-17 17:00:02.338109+08:00,hyperliquid,1764.5,1764.6,1764.55,0.09999999999990905,0.5667167266436715,0.9999999999990905
2026-06-17 18:00:02.276466+08:00,hyperliquid,1772.3,1772.4,1772.35,0.10000000000013642,0.5642226422554034,1.0000000000013642
2026-06-17 19:00:02.467042+08:00,hyperliquid,1767.5,1767.6,1767.55,0.09999999999990905,0.5657548584193322,0.9999999999990905
2026-06-17 20:00:02.350795+08:00,hyperliquid,1763.7,1763.8,1763.75,0.09999999999990905,0.5669737774622766,0.9999999999990905
2026-06-17 21:00:02.794862+08:00,hyperliquid,1758.8,1758.9,1758.85,0.10000000000013642,0.5685533160879918,1.0000000000013642
2026-06-17 22:00:00.991184+08:00,hyperliquid,1761.0,1761.1,1761.05,0.09999999999990905,0.5678430481809662,0.9999999999990905
2026-06-17 23:00:02.682493+08:00,hyperliquid,1753.9,1754.0,1753.95,0.09999999999990905,0.5701416802070131,0.9999999999990905
2026-06-18 00:00:00.049344+08:00,hyperliquid,1772.7,1772.8,1772.75,0.09999999999990905,0.5640953321106137,0.9999999999990905
2026-06-18 01:00:00.582271+08:00,hyperliquid,1771.2,1771.3,1771.25,0.09999999999990905,0.5645730416367484,0.9999999999990905
2026-06-18 02:00:00.071538+08:00,hyperliquid,1787.9,1788.0,1787.95,0.09999999999990905,0.5592997567040972,0.9999999999990905
2026-06-18 03:00:00.348510+08:00,hyperliquid,1769.6,1769.7,1769.65,0.10000000000013642,0.5650834910865788,1.0000000000013642
2026-06-18 04:00:00.215929+08:00,hyperliquid,1734.4,1734.5,1734.45,0.09999999999990905,0.5765516446130419,0.9999999999990905
2026-06-18 05:00:00.184309+08:00,hyperliquid,1746.6,1746.7,1746.65,0.10000000000013642,0.5725245469907332,1.0000000000013642
2026-06-18 06:00:00.487933+08:00,hyperliquid,1738.0,1738.1,1738.05,0.09999999999990905,0.57535744080958,0.9999999999990905
2026-06-18 07:00:01.939527+08:00,hyperliquid,1739.6,1739.7,1739.65,0.10000000000013642,0.5748282700551054,1.0000000000013642
2026-06-18 08:00:00.100817+08:00,hyperliquid,1749.8,1749.9,1749.85,0.10000000000013642,0.5714775552197985,1.0000000000013642
2026-06-18 09:00:02.133207+08:00,hyperliquid,1752.8,1752.9,1752.85,0.10000000000013642,0.5704994722887664,1.0000000000013642
2026-06-18 10:00:02.207509+08:00,hyperliquid,1754.4,1754.5,1754.45,0.09999999999990905,0.5699791957588364,0.9999999999990905
2026-06-18 11:00:02.197275+08:00,hyperliquid,1755.2,1755.3,1755.25,0.09999999999990905,0.5697194131884863,0.9999999999990905
2026-06-18 12:00:02.527024+08:00,hyperliquid,1743.3,1743.4,1743.35,0.10000000000013642,0.5736082829043877,1.0000000000013642
2026-06-18 13:00:02.428770+08:00,hyperliquid,1729.5,1729.6,1729.55,0.09999999999990905,0.5781850770426357,0.9999999999990905
2026-06-18 14:00:00.213380+08:00,hyperliquid,1730.2,1730.3,1730.25,0.09999999999990905,0.5779511631261901,0.9999999999990905
2026-06-18 15:00:00.392913+08:00,hyperliquid,1735.1,1735.2,1735.15,0.10000000000013642,0.5763190502269914,1.0000000000013642
2026-06-18 16:00:02.439745+08:00,hyperliquid,1749.0,1749.1,1749.05,0.09999999999990905,0.5717389439976505,0.9999999999990905
2026-06-18 17:00:02.434534+08:00,hyperliquid,1747.3,1747.4,1747.35,0.10000000000013642,0.5722951898597101,1.0000000000013642
2026-06-18 18:00:00.777598+08:00,hyperliquid,1745.6,1745.7,1745.65,0.10000000000013642,0.5728525191197343,1.0000000000013642
2026-06-18 19:00:00.693077+08:00,hyperliquid,1746.4,1746.5,1746.45,0.09999999999990905,0.5725901113682559,0.9999999999990905
2026-06-18 20:00:00.611602+08:00,hyperliquid,1742.6,1742.7,1742.65,0.10000000000013642,0.5738386939439154,1.0000000000013642
2026-06-18 21:00:02.047502+08:00,hyperliquid,1749.6,1749.7,1749.65,0.10000000000013642,0.571542880005352,1.0000000000013642
2026-06-18 22:00:01.315850+08:00,hyperliquid,1736.1,1736.2,1736.15,0.10000000000013642,0.5759870978897931,1.0000000000013642
2026-06-18 23:00:02.107435+08:00,hyperliquid,1739.5,1739.6,1739.55,0.09999999999990905,0.574861314707304,0.9999999999990905
2026-06-19 00:00:00.881063+08:00,hyperliquid,1681.5,1681.6,1681.55,0.09999999999990905,0.5946894234480632,0.9999999999990905
2026-06-19 01:00:02.645971+08:00,hyperliquid,1686.4,1686.5,1686.45,0.09999999999990905,0.5929615464431738,0.9999999999990905
2026-06-19 02:00:00.078635+08:00,hyperliquid,1678.9,1679.0,1678.95,0.09999999999990905,0.595610351707371,0.9999999999990905
2026-06-19 03:00:00.284291+08:00,hyperliquid,1684.9,1685.0,1684.95,0.09999999999990905,0.5934894210505299,0.9999999999990905
2026-06-19 04:00:03.034691+08:00,hyperliquid,1705.3,1705.5,1705.4,0.20000000000004547,1.1727453969745834,2.0000000000004547
2026-06-19 05:00:02.246424+08:00,hyperliquid,1710.1,1710.2,1710.15,0.10000000000013642,0.5847440283024087,1.0000000000013642
2026-06-19 06:00:02.131936+08:00,hyperliquid,1708.2,1708.3,1708.25,0.09999999999990905,0.585394409482857,0.9999999999990905
2026-06-19 07:00:02.111917+08:00,hyperliquid,1706.5,1706.6,1706.55,0.09999999999990905,0.5859775570590317,0.9999999999990905
2026-06-19 08:00:00.192482+08:00,hyperliquid,1711.1,1711.2,1711.15,0.10000000000013642,0.5844023025458692,1.0000000000013642
2026-06-19 09:00:02.091190+08:00,hyperliquid,1713.6,1713.7,1713.65,0.10000000000013642,0.5835497330267932,1.0000000000013642
2026-06-19 10:00:00.883293+08:00,hyperliquid,1713.2,1713.3,1713.25,0.09999999999990905,0.583685976943873,0.9999999999990905
2026-06-19 11:00:00.110437+08:00,hyperliquid,1706.2,1706.3,1706.25,0.09999999999990905,0.586080586080053,0.9999999999990905
2026-06-19 12:00:02.289898+08:00,hyperliquid,1697.2,1697.3,1697.25,0.09999999999990905,0.5891883929881223,0.9999999999990905
2026-06-19 13:00:02.515001+08:00,hyperliquid,1689.1,1689.2,1689.15,0.10000000000013642,0.5920137347194531,1.0000000000013642
2026-06-19 14:00:02.716383+08:00,hyperliquid,1697.0,1697.1,1697.05,0.09999999999990905,0.5892578297628771,0.9999999999990905
2026-06-19 15:00:00.008077+08:00,hyperliquid,1700.0,1700.1,1700.05,0.09999999999990905,0.5882179935878888,0.9999999999990905
2026-06-19 16:00:00.274259+08:00,hyperliquid,1695.1,1695.2,1695.15,0.10000000000013642,0.589918296316765,1.0000000000013642
2026-06-19 17:00:00.415883+08:00,hyperliquid,1697.1,1697.2,1697.15,0.10000000000013642,0.5892231093311517,1.0000000000013642
2026-06-19 18:00:00.159370+08:00,hyperliquid,1688.7,1688.8,1688.75,0.09999999999990905,0.5921539600290692,0.9999999999990905
2026-06-19 19:00:00.385592+08:00,hyperliquid,1692.2,1692.3,1692.25,0.09999999999990905,0.5909292362234247,0.9999999999990905
2026-06-19 20:00:00.164876+08:00,hyperliquid,1691.2,1691.3,1691.25,0.09999999999990905,0.5912786400585901,0.9999999999990905
2026-06-19 21:00:02.863843+08:00,hyperliquid,1694.9,1695.0,1694.95,0.09999999999990905,0.5899879052474057,0.9999999999990905
2026-06-19 22:00:00.494192+08:00,hyperliquid,1703.2,1703.3,1703.25,0.09999999999990905,0.5871128724491945,0.9999999999990905
2026-06-19 23:00:00.974414+08:00,hyperliquid,1706.6,1706.7,1706.65,0.10000000000013642,0.5859432221025777,1.0000000000013642
2026-06-20 00:00:02.865331+08:00,hyperliquid,1707.2,1707.3,1707.25,0.09999999999990905,0.5857372968218425,0.9999999999990905
2026-06-20 01:00:00.684844+08:00,hyperliquid,1696.4,1696.5,1696.45,0.09999999999990905,0.589466238320664,0.9999999999990905
2026-06-20 02:00:02.956263+08:00,hyperliquid,1704.7,1704.8,1704.75,0.09999999999990905,0.5865962751131195,0.9999999999990905
2026-06-20 03:00:02.471659+08:00,hyperliquid,1702.3,1702.4,1702.35,0.10000000000013642,0.5874232678364404,1.0000000000013642
2026-06-20 04:00:01.003476+08:00,hyperliquid,1700.8,1700.9,1700.85,0.10000000000013642,0.5879413234567212,1.0000000000013642
2026-06-20 05:00:02.185283+08:00,hyperliquid,1708.7,1708.8,1708.75,0.09999999999990905,0.5852231163125622,0.9999999999990905
2026-06-20 06:00:00.975268+08:00,hyperliquid,1701.7,1701.8,1701.75,0.09999999999990905,0.5876303804901369,0.9999999999990905
2026-06-20 07:00:00.703782+08:00,hyperliquid,1707.6,1707.7,1707.65,0.10000000000013642,0.5856000936968139,1.0000000000013642
2026-06-20 08:00:03.193255+08:00,hyperliquid,1709.3,1709.5,1709.4,0.20000000000004547,1.1700011700014359,2.0000000000004547
2026-06-20 09:00:01.923548+08:00,hyperliquid,1708.8,1708.9,1708.85,0.10000000000013642,0.5851888697084965,1.0000000000013642
2026-06-20 10:00:00.647481+08:00,hyperliquid,1709.4,1709.5,1709.45,0.09999999999990905,0.5849834742163214,0.9999999999990905
2026-06-20 11:00:00.043277+08:00,hyperliquid,1704.6,1704.7,1704.65,0.10000000000013642,0.586630686652019,1.0000000000013642
2026-06-20 12:00:00.217366+08:00,hyperliquid,1707.8,1707.9,1707.85,0.10000000000013642,0.5855315162346602,1.0000000000013642
2026-06-20 13:00:02.083215+08:00,hyperliquid,1713.2,1713.3,1713.25,0.09999999999990905,0.583685976943873,0.9999999999990905
2026-06-20 14:00:02.033271+08:00,hyperliquid,1725.8,1725.9,1725.85,0.10000000000013642,0.5794246313418688,1.0000000000013642
2026-06-20 15:00:00.281359+08:00,hyperliquid,1727.3,1727.4,1727.35,0.10000000000013642,0.578921469303479,1.0000000000013642
2026-06-20 16:00:02.260318+08:00,hyperliquid,1725.4,1725.5,1725.45,0.09999999999990905,0.5795589556342349,0.9999999999990905
2026-06-20 17:00:02.130892+08:00,hyperliquid,1722.4,1722.6,1722.5,0.1999999999998181,1.1611030478944446,1.999999999998181
2026-06-20 18:00:04.221887+08:00,hyperliquid,1728.4,1728.5,1728.45,0.09999999999990905,0.5785530388493103,0.9999999999990905
2026-06-20 19:00:02.147056+08:00,hyperliquid,1727.4,1727.5,1727.45,0.09999999999990905,0.578887956235544,0.9999999999990905
2026-06-20 20:00:04.994166+08:00,hyperliquid,1727.0,1727.1,1727.05,0.09999999999990905,0.579022031787783,0.9999999999990905
2026-06-20 21:00:03.796740+08:00,hyperliquid,1726.5,1726.6,1726.55,0.09999999999990905,0.5791897135901598,0.9999999999990905
2026-06-20 22:00:05.250806+08:00,hyperliquid,1716.9,1717.0,1716.95,0.09999999999990905,0.5824281429273366,0.9999999999990905
2026-06-20 23:00:03.727019+08:00,hyperliquid,1733.9,1734.0,1733.95,0.09999999999990905,0.5767178984394535,0.9999999999990905
2026-06-21 00:00:02.364234+08:00,hyperliquid,1739.9,1740.0,1739.95,0.09999999999990905,0.5747291588833532,0.9999999999990905
2026-06-21 01:00:00.386393+08:00,hyperliquid,1732.8,1732.9,1732.85,0.10000000000013642,0.5770839945761977,1.0000000000013642
2026-06-21 02:00:00.487227+08:00,hyperliquid,1726.1,1726.2,1726.15,0.10000000000013642,0.5793239289756766,1.0000000000013642
2026-06-21 03:00:02.468627+08:00,hyperliquid,1726.0,1726.1,1726.05,0.09999999999990905,0.5793574925402454,0.9999999999990905
2026-06-21 04:00:05.314871+08:00,hyperliquid,1728.4,1728.5,1728.45,0.09999999999990905,0.5785530388493103,0.9999999999990905
2026-06-21 05:00:03.614169+08:00,hyperliquid,1730.1,1730.2,1730.15,0.10000000000013642,0.5779845678128279,1.0000000000013642
2026-06-21 06:00:03.121705+08:00,hyperliquid,1735.0,1735.1,1735.05,0.09999999999990905,0.5763522665047639,0.9999999999990905
2026-06-21 07:00:03.563021+08:00,hyperliquid,1742.8,1742.9,1742.85,0.10000000000013642,0.573772843332108,1.0000000000013642
2026-06-21 08:00:04.357387+08:00,hyperliquid,1740.4,1740.5,1740.45,0.09999999999990905,0.5745640495268985,0.9999999999990905
2026-06-21 09:00:02.902061+08:00,hyperliquid,1736.4,1736.5,1736.45,0.09999999999990905,0.575887586742544,0.9999999999990905
2026-06-21 10:00:02.520512+08:00,hyperliquid,1736.3,1736.4,1736.35,0.10000000000013642,0.575920753305131,1.0000000000013642
2026-06-21 11:00:05.158706+08:00,hyperliquid,1735.2,1735.3,1735.25,0.09999999999990905,0.5762858377750125,0.9999999999990905
2026-06-21 12:00:04.845945+08:00,hyperliquid,1737.0,1737.1,1737.05,0.09999999999990905,0.5756886675680554,0.9999999999990905
2026-06-21 13:00:02.077417+08:00,hyperliquid,1731.9,1732.0,1731.95,0.09999999999990905,0.5773838736678834,0.9999999999990905
2026-06-21 14:00:04.865033+08:00,hyperliquid,1732.3,1732.4,1732.35,0.10000000000013642,0.5772505556044474,1.0000000000013642
2026-06-21 15:00:00.418032+08:00,hyperliquid,1735.0,1735.1,1735.05,0.09999999999990905,0.5763522665047639,0.9999999999990905
2026-06-21 16:00:01.966712+08:00,hyperliquid,1731.3,1731.4,1731.35,0.10000000000013642,0.5775839662698844,1.0000000000013642
2026-06-21 17:00:04.652841+08:00,hyperliquid,1728.3,1728.4,1728.35,0.10000000000013642,0.5785865131491679,1.0000000000013642
2026-06-21 18:00:02.772906+08:00,hyperliquid,1731.9,1732.0,1731.95,0.09999999999990905,0.5773838736678834,0.9999999999990905
2026-06-21 19:00:03.706262+08:00,hyperliquid,1730.5,1730.6,1730.55,0.09999999999990905,0.5778509722337353,0.9999999999990905
2026-06-21 20:00:04.926470+08:00,hyperliquid,1724.5,1724.6,1724.55,0.09999999999990905,0.5798614131217364,0.9999999999990905
2026-06-21 21:00:04.242460+08:00,hyperliquid,1724.9,1725.0,1724.95,0.09999999999990905,0.5797269486066787,0.9999999999990905
2026-06-21 22:00:04.242682+08:00,hyperliquid,1723.8,1723.9,1723.85,0.10000000000013642,0.5800968761791132,1.0000000000013642
2026-06-21 23:00:04.957196+08:00,hyperliquid,1727.2,1727.3,1727.25,0.09999999999990905,0.5789549862492925,0.9999999999990905
2026-06-22 00:00:04.591012+08:00,hyperliquid,1729.4,1729.5,1729.45,0.09999999999990905,0.57821850877394,0.9999999999990905
2026-06-22 01:00:00.660351+08:00,hyperliquid,1727.1,1727.2,1727.15,0.10000000000013642,0.5789885070789244,1.0000000000013642
2026-06-22 02:00:02.122924+08:00,hyperliquid,1726.4,1726.5,1726.45,0.09999999999990905,0.5792232616056593,0.9999999999990905
2026-06-22 03:00:05.420736+08:00,hyperliquid,1734.2,1734.3,1734.25,0.09999999999990905,0.57661813463981,0.9999999999990905
2026-06-22 04:00:02.303042+08:00,hyperliquid,1733.2,1733.3,1733.25,0.09999999999990905,0.5769508149425014,0.9999999999990905
2026-06-22 05:00:02.889524+08:00,hyperliquid,1719.9,1720.0,1719.95,0.09999999999990905,0.5814122503555862,0.9999999999990905
2026-06-22 06:00:04.927677+08:00,hyperliquid,1713.7,1713.8,1713.75,0.09999999999990905,0.5835156819834226,0.9999999999990905
2026-06-22 07:00:02.139724+08:00,hyperliquid,1717.0,1717.1,1717.05,0.09999999999990905,0.5823942226487816,0.9999999999990905
2026-06-22 08:00:02.876232+08:00,hyperliquid,1706.1,1706.2,1706.15,0.10000000000013642,0.5861149371399725,1.0000000000013642
2026-06-22 09:00:02.034478+08:00,hyperliquid,1726.2,1726.3,1726.25,0.09999999999990905,0.5792903692970836,0.9999999999990905
2026-06-22 10:00:06.104259+08:00,hyperliquid,1743.6,1743.9,1743.75,0.3000000000001819,1.720430107527925,3.000000000001819
2026-06-22 11:00:03.468680+08:00,hyperliquid,1736.6,1736.7,1736.65,0.10000000000013642,0.5758212650801049,1.0000000000013642
2026-06-22 12:00:03.648429+08:00,hyperliquid,1729.6,1729.7,1729.65,0.10000000000013642,0.578151649178368,1.0000000000013642
2026-06-22 13:00:05.035442+08:00,hyperliquid,1734.5,1734.6,1734.55,0.09999999999990905,0.5765184053495664,0.9999999999990905
2026-06-22 14:00:02.275635+08:00,hyperliquid,1736.3,1736.4,1736.35,0.10000000000013642,0.575920753305131,1.0000000000013642
2026-06-22 15:00:00.078104+08:00,hyperliquid,1734.7,1734.8,1734.75,0.09999999999990905,0.5764519383191183,0.9999999999990905
2026-06-22 16:00:04.234013+08:00,hyperliquid,1746.3,1746.4,1746.35,0.10000000000013642,0.5726228991905198,1.0000000000013642
2026-06-22 17:00:00.153347+08:00,hyperliquid,1747.2,1747.3,1747.25,0.09999999999990905,0.5723279439113409,0.9999999999990905
2026-06-22 18:00:04.498530+08:00,hyperliquid,1745.5,1745.6,1745.55,0.09999999999990905,0.5728853369992785,0.9999999999990905
2026-06-22 19:00:03.193400+08:00,hyperliquid,1748.7,1748.8,1748.75,0.09999999999990905,0.5718370264469423,0.9999999999990905
2026-06-22 20:00:02.466124+08:00,hyperliquid,1767.1,1767.3,1767.1999999999998,0.20000000000004547,1.1317338162066857,2.0000000000004547
2026-06-22 21:00:04.319218+08:00,hyperliquid,1763.1,1763.2,1763.15,0.10000000000013642,0.567166718657723,1.0000000000013642
2026-06-22 22:00:03.756844+08:00,hyperliquid,1776.6,1776.7,1776.65,0.10000000000013642,0.562857062449759,1.0000000000013642
2026-06-22 23:00:00.925633+08:00,hyperliquid,1753.7,1753.8,1753.75,0.09999999999990905,0.5702066999282055,0.9999999999990905
2026-06-23 00:00:02.860192+08:00,hyperliquid,1743.7,1743.8,1743.75,0.09999999999990905,0.573476702508439,0.9999999999990905
2026-06-23 01:00:02.824262+08:00,hyperliquid,1739.1,1739.4,1739.25,0.3000000000001819,1.7248814144038056,3.000000000001819
2026-06-23 02:00:00.681280+08:00,hyperliquid,1740.6,1740.7,1740.65,0.10000000000013642,0.574498032345023,1.0000000000013642
2026-06-23 03:00:00.094848+08:00,hyperliquid,1732.6,1732.7,1732.65,0.10000000000013642,0.5771506074518017,1.0000000000013642
2026-06-23 04:00:04.487777+08:00,hyperliquid,1734.4,1734.5,1734.45,0.09999999999990905,0.5765516446130419,0.9999999999990905
2026-06-23 05:00:02.237757+08:00,hyperliquid,1733.5,1733.6,1733.55,0.09999999999990905,0.5768509705512334,0.9999999999990905
2026-06-23 06:00:02.525394+08:00,hyperliquid,1732.1,1732.2,1732.15,0.10000000000013642,0.5773172069401404,1.0000000000013642
2026-06-23 07:00:03.983529+08:00,hyperliquid,1723.5,1723.6,1723.55,0.09999999999990905,0.5801978474654582,0.9999999999990905
2026-06-23 08:00:03.595287+08:00,hyperliquid,1727.4,1727.8,1727.6,0.3999999999998636,2.31535077564172,3.9999999999986358
2026-06-23 09:00:00.015015+08:00,hyperliquid,1730.7,1730.8,1730.75,0.09999999999990905,0.5777841976016701,0.9999999999990905
2026-06-23 10:00:02.143739+08:00,hyperliquid,1730.2,1730.3,1730.25,0.09999999999990905,0.5779511631261901,0.9999999999990905
2026-06-23 11:00:04.470150+08:00,hyperliquid,1732.0,1732.1,1732.05,0.09999999999990905,0.577350538378852,0.9999999999990905
2026-06-23 12:00:02.427333+08:00,hyperliquid,1728.8,1728.9,1728.85,0.10000000000013642,0.5784191803808105,1.0000000000013642
2026-06-23 13:00:00.468779+08:00,hyperliquid,1718.2,1718.3,1718.25,0.09999999999990905,0.5819874872684944,0.9999999999990905
2026-06-23 14:00:04.747411+08:00,hyperliquid,1712.6,1712.7,1712.65,0.10000000000013642,0.5838904621500973,1.0000000000013642
2026-06-23 15:00:03.536483+08:00,hyperliquid,1691.1,1691.2,1691.15,0.10000000000013642,0.5913136031702476,1.0000000000013642
2026-06-23 16:00:00.392865+08:00,hyperliquid,1679.9,1680.0,1679.95,0.09999999999990905,0.5952558111843153,0.9999999999990905
2026-06-23 17:00:03.460582+08:00,hyperliquid,1647.1,1647.2,1647.15,0.10000000000013642,0.6071092493102415,1.0000000000013642
2026-06-23 18:00:02.554483+08:00,hyperliquid,1649.8,1649.9,1649.85,0.10000000000013642,0.6061157074893865,1.0000000000013642
2026-06-23 19:00:00.179161+08:00,hyperliquid,1651.6,1651.7,1651.65,0.10000000000013642,0.6054551509105224,1.0000000000013642
2026-06-23 20:00:05.064573+08:00,hyperliquid,1659.5,1659.6,1659.55,0.09999999999990905,0.6025729866524603,0.9999999999990905
2026-06-23 21:00:03.945894+08:00,hyperliquid,1653.5,1653.6,1653.55,0.09999999999990905,0.6047594569254577,0.9999999999990905
2026-06-23 22:00:03.968758+08:00,hyperliquid,1661.7,1661.8,1661.75,0.09999999999990905,0.6017752369484523,0.9999999999990905
2026-06-23 23:00:05.020429+08:00,hyperliquid,1660.0,1660.1,1660.05,0.09999999999990905,0.6023914942315536,0.9999999999990905
2026-06-24 00:00:02.553408+08:00,hyperliquid,1658.9,1659.0,1658.95,0.09999999999990905,0.602790921968167,0.9999999999990905
2026-06-24 01:00:02.535346+08:00,hyperliquid,1658.5,1658.6,1658.55,0.09999999999990905,0.6029362997793799,0.9999999999990905
2026-06-24 02:00:04.731747+08:00,hyperliquid,1656.2,1656.3,1656.25,0.09999999999990905,0.6037735849051112,0.9999999999990905
2026-06-24 03:00:03.682917+08:00,hyperliquid,1654.5,1654.6,1654.55,0.09999999999990905,0.6043939439721318,0.9999999999990905
2026-06-24 04:00:02.803492+08:00,hyperliquid,1661.9,1662.0,1661.95,0.09999999999990905,0.6017028189771597,0.9999999999990905
2026-06-24 05:00:04.653106+08:00,hyperliquid,1663.2,1663.3,1663.25,0.09999999999990905,0.6012325266791465,0.9999999999990905
2026-06-24 06:00:02.270673+08:00,hyperliquid,1665.9,1666.0,1665.95,0.09999999999990905,0.6002581109871787,0.9999999999990905
2026-06-24 07:00:02.570797+08:00,hyperliquid,1663.7,1663.8,1663.75,0.09999999999990905,0.6010518407207156,0.9999999999990905
2026-06-24 08:00:03.902050+08:00,hyperliquid,1666.3,1666.4,1666.35,0.10000000000013642,0.6001140216649349,1.0000000000013642
2026-06-24 09:00:00.117216+08:00,hyperliquid,1670.3,1670.4,1670.35,0.10000000000013642,0.5986769239987813,1.0000000000013642
2026-06-24 10:00:03.362816+08:00,hyperliquid,1671.9,1672.0,1671.95,0.09999999999990905,0.598104010286845,0.9999999999990905
2026-06-24 11:00:03.344851+08:00,hyperliquid,1663.2,1663.3,1663.25,0.09999999999990905,0.6012325266791465,0.9999999999990905
2026-06-24 12:00:00.597022+08:00,hyperliquid,1665.9,1666.0,1665.95,0.09999999999990905,0.6002581109871787,0.9999999999990905
2026-06-24 13:00:02.177969+08:00,hyperliquid,1668.5,1668.6,1668.55,0.09999999999990905,0.599322765274694,0.9999999999990905
2026-06-24 14:00:02.406431+08:00,hyperliquid,1673.6,1673.7,1673.65,0.10000000000013642,0.5974964897089381,1.0000000000013642
2026-06-24 15:00:04.489061+08:00,hyperliquid,1674.2,1674.3,1674.25,0.09999999999990905,0.5972823652376231,0.9999999999990905
2026-06-24 16:00:03.040902+08:00,hyperliquid,1671.9,1672.0,1671.95,0.09999999999990905,0.598104010286845,0.9999999999990905
2026-06-24 17:00:03.111333+08:00,hyperliquid,1672.6,1672.7,1672.65,0.10000000000013642,0.5978537051991535,1.0000000000013642
2026-06-24 18:00:02.623036+08:00,hyperliquid,1666.3,1666.4,1666.35,0.10000000000013642,0.6001140216649349,1.0000000000013642
2026-06-24 19:00:03.772702+08:00,hyperliquid,1663.1,1663.2,1663.15,0.10000000000013642,0.6012686769090967,1.0000000000013642
2026-06-24 20:00:02.253798+08:00,hyperliquid,1677.9,1678.0,1677.95,0.09999999999990905,0.5959653148181355,0.9999999999990905
2026-06-24 21:00:05.276678+08:00,hyperliquid,1671.1,1671.2,1671.15,0.10000000000013642,0.5983903300130833,1.0000000000013642
2026-06-24 22:00:05.653432+08:00,hyperliquid,1644.2,1644.3,1644.25,0.09999999999990905,0.6081800212857477,0.9999999999990905
2026-06-24 23:00:02.773855+08:00,hyperliquid,1646.5,1646.7,1646.6,0.20000000000004547,1.2146240738494198,2.0000000000004547
2026-06-25 00:00:02.542581+08:00,hyperliquid,1617.2,1617.3,1617.25,0.09999999999990905,0.6183335909717672,0.9999999999990905
2026-06-25 01:00:00.269290+08:00,hyperliquid,1589.0,1589.1,1589.05,0.09999999999990905,0.6293068185388065,0.9999999999990905
2026-06-25 02:00:03.581765+08:00,hyperliquid,1559.4,1559.5,1559.45,0.09999999999990905,0.6412517233634233,0.9999999999990905
2026-06-25 03:00:03.797890+08:00,hyperliquid,1571.5,1572.1,1571.8,0.599999999999909,3.8172795521052874,5.9999999999990905
2026-06-25 04:00:03.317682+08:00,hyperliquid,1583.5,1583.8,1583.65,0.2999999999999545,1.8943579705108735,2.9999999999995453
2026-06-25 05:00:03.078677+08:00,hyperliquid,1613.2,1613.3,1613.25,0.09999999999990905,0.6198667286527757,0.9999999999990905
2026-06-25 06:00:03.540595+08:00,hyperliquid,1620.3,1620.4,1620.35,0.10000000000013642,0.6171506156085811,1.0000000000013642
2026-06-25 07:00:02.902535+08:00,hyperliquid,1614.6,1614.7,1614.65,0.10000000000013642,0.6193292664053288,1.0000000000013642
2026-06-25 08:00:00.929577+08:00,hyperliquid,1621.1,1621.2,1621.15,0.10000000000013642,0.6168460660650552,1.0000000000013642
2026-06-25 09:00:02.987886+08:00,hyperliquid,1618.2,1618.3,1618.25,0.09999999999990905,0.6179514908074095,0.9999999999990905
2026-06-25 10:00:02.721800+08:00,hyperliquid,1619.9,1620.0,1619.95,0.09999999999990905,0.617303003178549,0.9999999999990905
2026-06-25 11:00:02.091742+08:00,hyperliquid,1619.9,1620.0,1619.95,0.09999999999990905,0.617303003178549,0.9999999999990905
2026-06-25 12:00:03.431097+08:00,hyperliquid,1618.8,1618.9,1618.85,0.10000000000013642,0.6177224573007778,1.0000000000013642
2026-06-25 13:00:00.710296+08:00,hyperliquid,1634.0,1634.1,1634.05,0.09999999999990905,0.6119763777112638,0.9999999999990905
2026-06-25 14:00:03.882397+08:00,hyperliquid,1644.9,1645.0,1644.95,0.09999999999990905,0.6079212134101891,0.9999999999990905
2026-06-25 15:00:03.304452+08:00,hyperliquid,1653.1,1653.2,1653.15,0.10000000000013642,0.6049057859246676,1.0000000000013642
2026-06-25 16:00:03.723642+08:00,hyperliquid,1656.4,1656.5,1656.45,0.09999999999990905,0.6037006851997286,0.9999999999990905
2026-06-25 17:00:04.694613+08:00,hyperliquid,1652.2,1652.3,1652.25,0.09999999999990905,0.6052352852165777,0.9999999999990905
2026-06-25 18:00:04.451843+08:00,hyperliquid,1647.8,1647.9,1647.85,0.10000000000013642,0.6068513517622139,1.0000000000013642
2026-06-25 19:00:02.917285+08:00,hyperliquid,1635.7,1635.8,1635.75,0.09999999999990905,0.6113403637469603,0.9999999999990905
2026-06-25 20:00:03.601289+08:00,hyperliquid,1631.9,1632.0,1631.95,0.09999999999990905,0.6127638714415824,0.9999999999990905
2026-06-25 21:00:03.436690+08:00,hyperliquid,1634.6,1634.7,1634.65,0.10000000000013642,0.6117517511402223,1.0000000000013642
2026-06-25 22:00:03.214361+08:00,hyperliquid,1537.0,1537.1,1537.05,0.09999999999990905,0.650596922675964,0.9999999999990905
2026-06-25 23:00:04.241088+08:00,hyperliquid,1567.5,1567.6,1567.55,0.09999999999990905,0.6379381837894106,0.9999999999990905
2026-06-26 00:00:04.719468+08:00,hyperliquid,1569.3,1569.4,1569.35,0.10000000000013642,0.6372064867629046,1.0000000000013642
2026-06-26 01:00:00.911008+08:00,hyperliquid,1560.9,1561.0,1560.95,0.09999999999990905,0.6406355104257603,0.9999999999990905
2026-06-26 02:00:01.883130+08:00,hyperliquid,1573.8,1573.9,1573.85,0.10000000000013642,0.6353845665097463,1.0000000000013642
2026-06-26 03:00:02.389535+08:00,hyperliquid,1566.4,1566.8,1566.6,0.3999999999998636,2.553300140430637,3.9999999999986358
2026-06-26 04:00:03.678677+08:00,hyperliquid,1558.8,1558.9,1558.85,0.10000000000013642,0.6414985405916953,1.0000000000013642
2026-06-26 05:00:05.146193+08:00,hyperliquid,1559.1,1559.2,1559.15,0.10000000000013642,0.6413751082329245,1.0000000000013642
2026-06-26 06:00:03.048131+08:00,hyperliquid,1579.6,1579.7,1579.65,0.10000000000013642,0.6330516253609118,1.0000000000013642
2026-06-26 07:00:02.276044+08:00,hyperliquid,1569.1,1569.2,1569.15,0.10000000000013642,0.6372877035346297,1.0000000000013642
2026-06-26 08:00:04.267169+08:00,hyperliquid,1566.8,1566.9,1566.85,0.10000000000013642,0.6382231866492416,1.0000000000013642
2026-06-26 09:00:03.046150+08:00,hyperliquid,1563.5,1563.6,1563.55,0.09999999999990905,0.6395702088190915,0.9999999999990905
2026-06-26 10:00:02.975742+08:00,hyperliquid,1559.2,1559.3,1559.25,0.09999999999990905,0.6413339746667247,0.9999999999990905
2026-06-26 11:00:04.440106+08:00,hyperliquid,1523.6,1523.7,1523.65,0.10000000000013642,0.6563187083656773,1.0000000000013642
2026-06-26 12:00:03.222604+08:00,hyperliquid,1557.0,1557.1,1557.05,0.09999999999990905,0.6422401335853637,0.9999999999990905
2026-06-26 13:00:02.101334+08:00,hyperliquid,1548.5,1548.6,1548.55,0.09999999999990905,0.6457653934319787,0.9999999999990905
2026-06-26 14:00:05.154205+08:00,hyperliquid,1554.1,1554.2,1554.15,0.10000000000013642,0.6434385355347709,1.0000000000013642
2026-06-26 15:00:00.411383+08:00,hyperliquid,1570.1,1570.2,1570.15,0.10000000000013642,0.6368818265779475,1.0000000000013642
2026-06-26 16:00:02.562696+08:00,hyperliquid,1580.0,1580.1,1580.05,0.09999999999990905,0.63289136419676,0.9999999999990905
2026-06-26 17:00:00.685181+08:00,hyperliquid,1565.6,1565.7,1565.65,0.10000000000013642,0.638712355891396,1.0000000000013642
2026-06-26 18:00:04.477161+08:00,hyperliquid,1552.3,1552.4,1552.35,0.10000000000013642,0.6441846233139203,1.0000000000013642
2026-06-26 19:00:02.386943+08:00,hyperliquid,1547.2,1547.3,1547.25,0.09999999999990905,0.64630796574509,0.9999999999990905
2026-06-26 20:00:00.104446+08:00,hyperliquid,1544.1,1544.2,1544.15,0.10000000000013642,0.6476054787432337,1.0000000000013642
2026-06-26 21:00:00.714291+08:00,hyperliquid,1535.0,1535.1,1535.05,0.09999999999990905,0.6514445783519043,0.9999999999990905
2026-06-26 22:00:02.176069+08:00,hyperliquid,1568.1,1568.2,1568.15,0.10000000000013642,0.6376940981419917,1.0000000000013642
2026-06-26 23:00:02.432013+08:00,hyperliquid,1558.9,1559.0,1558.95,0.09999999999990905,0.6414573911922067,0.9999999999990905
2026-06-27 00:00:00.791145+08:00,hyperliquid,1579.3,1579.4,1579.35,0.10000000000013642,0.6331718745061984,1.0000000000013642
2026-06-27 01:00:03.469486+08:00,hyperliquid,1576.7,1576.8,1576.75,0.09999999999990905,0.6342159505305791,0.9999999999990905
2026-06-27 02:00:02.785752+08:00,hyperliquid,1581.0,1581.1,1581.05,0.09999999999990905,0.6324910660631166,0.9999999999990905
2026-06-27 03:00:04.815127+08:00,hyperliquid,1572.3,1572.4,1572.35,0.10000000000013642,0.6359907145364355,1.0000000000013642
2026-06-27 04:00:03.560590+08:00,hyperliquid,1573.3,1573.6,1573.4499999999998,0.2999999999999545,1.9066382789408916,2.9999999999995453
2026-06-27 05:00:00.079556+08:00,hyperliquid,1569.8,1569.9,1569.85,0.10000000000013642,0.6370035353704904,1.0000000000013642
2026-06-27 06:00:04.420038+08:00,hyperliquid,1573.7,1573.8,1573.75,0.09999999999990905,0.6354249404283339,0.9999999999990905
2026-06-27 07:00:04.593363+08:00,hyperliquid,1577.0,1577.1,1577.05,0.09999999999990905,0.6340953045236933,0.9999999999990905
2026-06-27 08:00:04.890001+08:00,hyperliquid,1577.7,1577.8,1577.75,0.09999999999990905,0.6338139755975855,0.9999999999990905
2026-06-27 09:00:05.066735+08:00,hyperliquid,1575.7,1575.8,1575.75,0.09999999999990905,0.6346184356649789,0.9999999999990905
2026-06-27 10:00:02.403834+08:00,hyperliquid,1574.9,1575.0,1574.95,0.09999999999990905,0.6349407917705898,0.9999999999990905
2026-06-27 11:00:03.377755+08:00,hyperliquid,1581.7,1581.8,1581.75,0.09999999999990905,0.632211158526373,0.9999999999990905
2026-06-27 12:00:01.984049+08:00,hyperliquid,1579.6,1579.7,1579.65,0.10000000000013642,0.6330516253609118,1.0000000000013642
2026-06-27 13:00:02.028887+08:00,hyperliquid,1578.5,1578.6,1578.55,0.09999999999990905,0.633492762344614,0.9999999999990905
2026-06-27 14:00:00.466143+08:00,hyperliquid,1577.7,1577.8,1577.75,0.09999999999990905,0.6338139755975855,0.9999999999990905
2026-06-27 15:00:02.625612+08:00,hyperliquid,1581.7,1581.8,1581.75,0.09999999999990905,0.632211158526373,0.9999999999990905
2026-06-27 16:00:02.440733+08:00,hyperliquid,1584.7,1584.8,1584.75,0.09999999999990905,0.6310143555760155,0.9999999999990905
2026-06-27 17:00:05.066153+08:00,hyperliquid,1583.1,1583.2,1583.15,0.10000000000013642,0.6316520860318757,1.0000000000013642
2026-06-27 18:00:02.901977+08:00,hyperliquid,1581.7,1581.8,1581.75,0.09999999999990905,0.632211158526373,0.9999999999990905
2026-06-27 19:00:03.318635+08:00,hyperliquid,1583.1,1583.2,1583.15,0.10000000000013642,0.6316520860318757,1.0000000000013642
2026-06-27 20:00:01.824623+08:00,hyperliquid,1583.0,1583.1,1583.05,0.09999999999990905,0.6316919869865706,0.9999999999990905
2026-06-27 21:00:03.731577+08:00,hyperliquid,1584.8,1584.9,1584.85,0.10000000000013642,0.6309745401781648,1.0000000000013642
2026-06-27 22:00:01.906961+08:00,hyperliquid,1591.3,1591.4,1591.35,0.10000000000013642,0.6283972727566937,1.0000000000013642
2026-06-27 23:00:03.670968+08:00,hyperliquid,1593.7,1593.8,1593.75,0.09999999999990905,0.6274509803915862,0.9999999999990905
2026-06-28 00:00:01.966491+08:00,hyperliquid,1604.7,1604.8,1604.75,0.09999999999990905,0.6231500233675591,0.9999999999990905
2026-06-28 01:00:02.118646+08:00,hyperliquid,1605.7,1605.8,1605.75,0.09999999999990905,0.6227619492443347,0.9999999999990905
2026-06-28 02:00:01.041465+08:00,hyperliquid,1590.5,1590.6,1590.55,0.09999999999990905,0.6287133381528972,0.9999999999990905
2026-06-28 03:00:00.639882+08:00,hyperliquid,1593.1,1593.2,1593.15,0.10000000000013642,0.6276872861948743,1.0000000000013642
2026-06-28 04:00:03.201334+08:00,hyperliquid,1577.4,1577.5,1577.45,0.09999999999990905,0.6339345145640689,0.9999999999990905
2026-06-28 05:00:00.361402+08:00,hyperliquid,1580.4,1580.5,1580.45,0.09999999999990905,0.6327311841558356,0.9999999999990905
2026-06-28 06:00:02.149627+08:00,hyperliquid,1574.1,1574.6,1574.35,0.5,3.1759138692158673,5.0
2026-06-28 07:00:02.272574+08:00,hyperliquid,1578.1,1578.2,1578.15,0.10000000000013642,0.6336533282649711,1.0000000000013642
2026-06-28 08:00:03.733847+08:00,hyperliquid,1572.9,1573.0,1572.95,0.09999999999990905,0.6357481165956264,0.9999999999990905
2026-06-28 09:00:02.118351+08:00,hyperliquid,1573.6,1573.7,1573.65,0.10000000000013642,0.6354653194810563,1.0000000000013642
2026-06-28 10:00:03.087522+08:00,hyperliquid,1574.2,1574.3,1574.25,0.09999999999990905,0.6352231221210675,0.9999999999990905
2026-06-28 11:00:02.549026+08:00,hyperliquid,1571.3,1571.4,1571.35,0.10000000000013642,0.6363954561373115,1.0000000000013642
2026-06-28 12:00:00.093965+08:00,hyperliquid,1574.0,1574.1,1574.05,0.09999999999990905,0.6353038340580607,0.9999999999990905
2026-06-28 13:00:02.495528+08:00,hyperliquid,1573.1,1573.2,1573.15,0.10000000000013642,0.6356672917403707,1.0000000000013642
2026-06-28 14:00:03.436572+08:00,hyperliquid,1568.3,1568.4,1568.35,0.10000000000013642,0.6376127777609362,1.0000000000013642
2026-06-28 15:00:02.195023+08:00,hyperliquid,1567.0,1567.1,1567.05,0.09999999999990905,0.6381417312779366,0.9999999999990905
2026-06-28 16:00:03.018869+08:00,hyperliquid,1574.8,1574.9,1574.85,0.10000000000013642,0.6349811093128642,1.0000000000013642
2026-06-28 17:00:03.440217+08:00,hyperliquid,1580.6,1580.7,1580.65,0.10000000000013642,0.6326511245382369,1.0000000000013642
2026-06-28 18:00:04.527181+08:00,hyperliquid,1578.2,1578.3,1578.25,0.09999999999990905,0.6336131791535502,0.9999999999990905
2026-06-28 19:00:00.398244+08:00,hyperliquid,1576.2,1576.3,1576.25,0.09999999999990905,0.6344171292619131,0.9999999999990905
2026-06-28 20:00:03.116455+08:00,hyperliquid,1582.0,1582.1,1582.05,0.09999999999990905,0.6320912739793878,0.9999999999990905
2026-06-28 21:00:03.664825+08:00,hyperliquid,1582.4,1582.5,1582.45,0.09999999999990905,0.6319314986249743,0.9999999999990905
2026-06-28 22:00:04.174507+08:00,hyperliquid,1578.7,1578.8,1578.75,0.09999999999990905,0.6334125098964943,0.9999999999990905
2026-06-28 23:00:02.314975+08:00,hyperliquid,1580.8,1580.9,1580.85,0.10000000000013642,0.6325710851765597,1.0000000000013642
2026-06-29 00:00:03.310683+08:00,hyperliquid,1579.8,1579.9,1579.85,0.10000000000013642,0.6329714846354808,1.0000000000013642
2026-06-29 01:00:04.220009+08:00,hyperliquid,1571.7,1571.8,1571.75,0.09999999999990905,0.6362334976930749,0.9999999999990905
2026-06-29 02:00:00.540313+08:00,hyperliquid,1571.7,1571.8,1571.75,0.09999999999990905,0.6362334976930749,0.9999999999990905
2026-06-29 03:00:05.011126+08:00,hyperliquid,1570.7,1570.8,1570.75,0.09999999999990905,0.6366385484635305,0.9999999999990905
2026-06-29 04:00:00.601932+08:00,hyperliquid,1563.6,1563.7,1563.65,0.10000000000013642,0.6395293064313397,1.0000000000013642
2026-06-29 05:00:02.585308+08:00,hyperliquid,1572.1,1572.2,1572.15,0.10000000000013642,0.6360716216654672,1.0000000000013642
2026-06-29 06:00:04.001899+08:00,hyperliquid,1563.1,1563.2,1563.15,0.10000000000013642,0.6397338707106575,1.0000000000013642
2026-06-29 07:00:03.189416+08:00,hyperliquid,1555.3,1555.4,1555.35,0.10000000000013642,0.6429421030644963,1.0000000000013642
2026-06-29 08:00:03.764651+08:00,hyperliquid,1570.9,1571.0,1570.95,0.09999999999990905,0.6365574970553427,0.9999999999990905
2026-06-29 09:00:05.161963+08:00,hyperliquid,1572.5,1572.6,1572.55,0.09999999999990905,0.6359098279858132,0.9999999999990905
2026-06-29 10:00:03.569486+08:00,hyperliquid,1567.2,1567.3,1567.25,0.09999999999990905,0.6380602966974577,0.9999999999990905
2026-06-29 11:00:04.669441+08:00,hyperliquid,1575.9,1576.0,1575.95,0.09999999999990905,0.6345378977753675,0.9999999999990905
2026-06-29 12:00:03.606281+08:00,hyperliquid,1583.7,1583.8,1583.75,0.09999999999990905,0.6314127861083445,0.9999999999990905
2026-06-29 13:00:05.328820+08:00,hyperliquid,1575.2,1575.3,1575.25,0.09999999999990905,0.6348198698613493,0.9999999999990905
2026-06-29 14:00:00.466869+08:00,hyperliquid,1582.1,1582.2,1582.15,0.10000000000013642,0.6320513225682548,1.0000000000013642
2026-06-29 15:00:03.845492+08:00,hyperliquid,1582.1,1582.2,1582.15,0.10000000000013642,0.6320513225682548,1.0000000000013642
2026-06-29 16:00:03.252199+08:00,hyperliquid,1579.2,1579.3,1579.25,0.09999999999990905,0.6332119677056138,0.9999999999990905
2026-06-29 17:00:02.248628+08:00,hyperliquid,1572.3,1572.4,1572.35,0.10000000000013642,0.6359907145364355,1.0000000000013642
2026-06-29 18:00:02.176630+08:00,hyperliquid,1575.4,1575.5,1575.45,0.09999999999990905,0.6347392808398175,0.9999999999990905
2026-06-29 19:00:01.893250+08:00,hyperliquid,1577.7,1577.8,1577.75,0.09999999999990905,0.6338139755975855,0.9999999999990905
2026-06-29 20:00:02.351310+08:00,hyperliquid,1574.3,1574.4,1574.35,0.10000000000013642,0.6351827738440399,1.0000000000013642
2026-06-29 21:00:00.256890+08:00,hyperliquid,1575.0,1575.1,1575.05,0.09999999999990905,0.6349004793492845,0.9999999999990905
2026-06-29 22:00:02.937545+08:00,hyperliquid,1572.0,1572.4,1572.2,0.40000000000009095,2.5442055718107808,4.0000000000009095
2026-06-29 23:00:04.671370+08:00,hyperliquid,1571.9,1572.0,1571.95,0.09999999999990905,0.6361525493807629,0.9999999999990905
2026-06-30 00:00:00.088509+08:00,hyperliquid,1579.4,1579.7,1579.5500000000002,0.2999999999999545,1.8992751099993954,2.9999999999995453
2026-06-30 01:00:01.443668+08:00,hyperliquid,1584.3,1584.4,1584.35,0.10000000000013642,0.6311736674354558,1.0000000000013642
2026-06-30 02:00:04.284448+08:00,hyperliquid,1627.0,1627.1,1627.05,0.09999999999990905,0.6146092621610219,0.9999999999990905
2026-06-30 03:00:03.234618+08:00,hyperliquid,1620.8,1620.9,1620.85,0.10000000000013642,0.6169602369135727,1.0000000000013642
2026-06-30 04:00:06.060260+08:00,hyperliquid,1625.3,1625.4,1625.35,0.10000000000013642,0.615252099548629,1.0000000000013642
2026-06-30 05:00:02.426255+08:00,hyperliquid,1617.0,1617.1,1617.05,0.09999999999990905,0.61841006771534,0.9999999999990905
2026-06-30 06:00:05.087012+08:00,hyperliquid,1619.3,1619.4,1619.35,0.10000000000013642,0.6175317256932499,1.0000000000013642
2026-06-30 07:00:04.240754+08:00,hyperliquid,1612.0,1612.1,1612.05,0.09999999999990905,0.6203281535926866,0.9999999999990905
2026-06-30 08:00:04.536367+08:00,hyperliquid,1612.1,1612.2,1612.15,0.10000000000013642,0.6202896752792012,1.0000000000013642
2026-06-30 09:00:03.492176+08:00,hyperliquid,1593.9,1594.0,1593.95,0.09999999999990905,0.6273722513247533,0.9999999999990905
2026-06-30 10:00:02.545552+08:00,hyperliquid,1593.2,1593.3,1593.25,0.09999999999990905,0.6276478895334006,0.9999999999990905
2026-06-30 11:00:03.486885+08:00,hyperliquid,1589.9,1590.0,1589.95,0.09999999999990905,0.6289505959301176,0.9999999999990905
2026-06-30 12:00:03.493407+08:00,hyperliquid,1586.1,1586.2,1586.15,0.10000000000013642,0.6304573968422685,1.0000000000013642
2026-06-30 13:00:04.033461+08:00,hyperliquid,1587.2,1587.3,1587.25,0.09999999999990905,0.6300204756648861,0.9999999999990905
2026-06-30 14:00:04.705029+08:00,hyperliquid,1591.1,1591.2,1591.15,0.10000000000013642,0.6284762593101619,1.0000000000013642
2026-06-30 15:00:02.774525+08:00,hyperliquid,1593.1,1593.2,1593.15,0.10000000000013642,0.6276872861948743,1.0000000000013642
2026-06-30 16:00:00.030903+08:00,hyperliquid,1591.4,1591.5,1591.45,0.09999999999990905,0.6283577869233029,0.9999999999990905
2026-06-30 17:00:00.123480+08:00,hyperliquid,1583.1,1583.2,1583.15,0.10000000000013642,0.6316520860318757,1.0000000000013642
2026-06-30 18:00:00.774090+08:00,hyperliquid,1584.7,1584.8,1584.75,0.09999999999990905,0.6310143555760155,0.9999999999990905
2026-06-30 19:00:03.328379+08:00,hyperliquid,1583.8,1583.9,1583.85,0.10000000000013642,0.6313729204163048,1.0000000000013642
2026-06-30 20:00:05.355414+08:00,hyperliquid,1577.3,1577.5,1577.4,0.20000000000004547,1.2679092177003009,2.0000000000004547
2026-06-30 21:00:05.657643+08:00,hyperliquid,1551.9,1552.0,1551.95,0.09999999999990905,0.644350655626206,0.9999999999990905
2026-06-30 22:00:04.558978+08:00,hyperliquid,1564.7,1564.9,1564.8000000000002,0.20000000000004547,1.2781186094072434,2.0000000000004547
2026-06-30 23:00:03.098421+08:00,hyperliquid,1562.6,1562.9,1562.75,0.3000000000001819,1.919692849145301,3.000000000001819
2026-07-01 00:00:00.644096+08:00,hyperliquid,1564.3,1564.4,1564.35,0.10000000000013642,0.6392431361276979,1.0000000000013642
2026-07-01 01:00:00.527788+08:00,hyperliquid,1571.6,1571.7,1571.65,0.10000000000013642,0.6362739795764732,1.0000000000013642
2026-07-01 02:00:05.052710+08:00,hyperliquid,1570.2,1570.3,1570.25,0.09999999999990905,0.6368412673135427,0.9999999999990905
2026-07-01 03:00:02.676914+08:00,hyperliquid,1578.4,1578.5,1578.45,0.09999999999990905,0.6335328961950587,0.9999999999990905
2026-07-01 04:00:05.326515+08:00,hyperliquid,1578.8,1578.9,1578.85,0.10000000000013642,0.6333723912983275,1.0000000000013642
2026-07-01 05:00:02.388645+08:00,hyperliquid,1575.4,1575.5,1575.45,0.09999999999990905,0.6347392808398175,0.9999999999990905
2026-07-01 06:00:04.231140+08:00,hyperliquid,1571.1,1571.2,1571.15,0.10000000000013642,0.6364764662835275,1.0000000000013642
2026-07-01 07:00:00.283840+08:00,hyperliquid,1567.1,1567.2,1567.15,0.10000000000013642,0.6381010113909735,1.0000000000013642
